{
	"spin":
	{
		"File": "spin.bin",
		"RomInject": "0x018091"
	},
	
	"idle":
	{
		"File": "idle.bin",
		"RomInject": "0x017f6f"
	},
	
	"balance":
	{
		"File": "balance.bin",
		"RomInject": "0x018007"
	},
	//These two handle the side on view
	"DataSelectChaosEmeraldSprites":
	{
		"File": "dataselectchaos.bin",
		"RomInject": "0x3a23aa"
	},
	"ResultsChaosSprites":
	{
		"File": "chaosresults.bin",
		"RomInject": "0x15bac0"
	},"superfix1_thanks_mrgrassman14":
	{
		"File": "superfix1.bin",
		"RomInject": "0x012c44"
	},
"superfix2_thanks_mrgrassman14":
	{
		"File": "superfix2.bin",
		"RomInject": "0x012c94"
	},
        "Intro Plane":
	{
		"File": "Intro Plane.bin",
		"RomInject": "0x382624"
	},
        "endingsprites":
	{
		"File": "Sonic Plane Ending.bin",
		"RomInject": "0x162914"
	},
    "Title1":
    {
        "File": "Title1.bin",
        "RomInject": "0x2c49cc"
    },

    "Title2":
    {
        "File": "Title2.bin",
        "RomInject": "0x359FC6"
    },	
}