{
	"Metadata":
	{
		"Name": "Ultimate Sonic 3 Remixed Pack 1.2.9",
		"Author": "Marble Zone Team/Dano/SEGA HECTOR GAMING",
		"Description": " Included all Sprites Especial Fluid animation/Mania Tails Intro Plane Works (Sonic And Tails/NEW PALETTE) ok",
	},
	"Settings":
	{
		"List":
		[
			{
			"InternalName": "PeeloutSprite",
			"DisplayName": "Peelout Sprite",
			"Variable": "Config_Peelout",
			"DefaultValue": "1",
                        "Category": "Visual",
			"Options":
			{
				"0x00": "Sonic Starallies",
				"0x01": "Sonic Mania",
				"0x02": "Sonic CD"
			}
		},
		{
			"InternalName": "Sonic Palette",
			"DisplayName": "Sonic Palette",
			"Variable": "Palette",
			"DefaultValue": "4",
                        "Category": "Sonic Palette",
			"Options":
			{
				"0x00": "Sonic 1",
				"0x01": "Sonic 2",
				"0x02": "Sonic 3",
				"0x03": "Sonic 4 (T.R.A.)",
				"0x04": "Sonic Mania",
				"0x05": "New Hysteria Mania",
				"0x06": "Sonic Mania2",
				"0x07": "Modern",
				"0x08": "Smeiden",
				"0x09": "Dragon ball Mania(HYPER)",
				"0x10": "HYPER not multicolor",
				}
			}
		]
         }
}
icolor",
				}
			}
		]
         }
}
	]
         }
}
	}
			}
		]
         }
}
       }
}

       }
}
   }
}

   }
}

   }
}

