{
	"SONIC_ROLLING_0":  { "File": "Sonic_Jumping.png", "Rect": "10,14,30,30", "Center": "16,16" },
	"SONIC_ROLLING_1":  { "File": "Sonic_Jumping.png", "Rect": "59,14,30,30", "Center": "16,16" },
	"SONIC_ROLLING_2":  { "File": "Sonic_Jumping.png", "Rect": "108,14,30,30", "Center": "16,16" },
	"SONIC_ROLLING_3":  { "File": "Sonic_Jumping.png", "Rect": "157,14,30,30", "Center": "16,16" },
	"SONIC_ROLLING_4":  { "File": "Sonic_Jumping.png", "Rect": "10,14,30,30", "Center": "16,16" },
	"SONIC_ROLLING_5":  { "File": "Sonic_Jumping.png", "Rect": "59,14,30,30", "Center": "16,16" },
	"SONIC_ROLLING_6":  { "File": "Sonic_Jumping.png", "Rect": "304,13,30,30", "Center": "16,17" },
	"SONIC_ROLLING_7":  { "File": "Sonic_Jumping.png", "Rect": "353,13,31,30", "Center": "16,17" },
	"SONIC_ROLLING_8":  { "File": "Sonic_Jumping.png", "Rect": "10,14,30,30", "Center": "16,16" },
	"SONIC_ROLLING_9":  { "File": "Sonic_Jumping.png", "Rect": "59,14,30,30", "Center": "16,16" },
	"SONIC_ROLLING_10":  { "File": "Sonic_Jumping.png", "Rect": "500,13,30,30", "Center": "16,17" },
	"SONIC_ROLLING_11":  { "File": "Sonic_Jumping.png", "Rect": "549,13,30,31", "Center": "16,17" },
	"SONIC_ROLLING_12":  { "File": "Sonic_Jumping.png", "Rect": "10,14,30,30", "Center": "16,16" },
	"SONIC_ROLLING_13":  { "File": "Sonic_Jumping.png", "Rect": "59,14,30,30", "Center": "16,16" },
	"SONIC_ROLLING_14":  { "File": "Sonic_Jumping.png", "Rect": "696,13,30,30", "Center": "16,16" },
	"SONIC_ROLLING_15":  { "File": "Sonic_Jumping.png", "Rect": "744,14,31,30", "Center": "17,16" }
}
r": "17,16" }
}