{
	"robotnik_eggmobile_00":  { "File": "3d2dRobotnik.png", "Rect": "35,0,33,16", "Center": "17,8" },
	"robotnik_eggmobile_01":  { "File": "3d2dRobotnik.png", "Rect": "1,0,33,16", "Center": "17,8" },
	"robotnik_eggmobile_02":  { "File": "3d2dRobotnik.png", "Rect": "68,0,36,16", "Center": "20,8" },
	"robotnik_eggmobile_03":  { "File": "3d2dRobotnik.png", "Rect": "106,0,33,16", "Center": "17,8" },
	"robotnik_eggmobile_laugh_00":  { "File": "3d2dRobotnik.png", "Rect": "140,0,33,16", "Center": "17,8" },
	"robotnik_eggmobile_laugh_01":  { "File": "3d2dRobotnik.png", "Rect": "174,0,33,16", "Center": "17,8" },
	"robotnik_fbz2_00":  { "File": "3d2dRobotnik.png", "Rect": "1,17,32,16", "Center": "16,8" },
	"robotnik_fbz2_01":  { "File": "3d2dRobotnik.png", "Rect": "35,17,32,16", "Center": "16,8" },
	"robotnik_fbz2_02":  { "File": "3d2dRobotnik.png", "Rect": "71,17,32,16", "Center": "16,8" },
	"robotnik_fbz2_03":  { "File": "3d2dRobotnik.png", "Rect": "107,17,32,16", "Center": "16,8" },
	"robotnik_fbz2_laugh_00":  { "File": "3d2dRobotnik.png", "Rect": "140,17,32,16", "Center": "16,8" },
	"robotnik_fbz2_laugh_01":  { "File": "3d2dRobotnik.png", "Rect": "175,17,32,16", "Center": "16,8" },
	"robotnik_lrz2_00":  { "File": "3d2dRobotnik.png", "Rect": "2,36,16,16", "Center": "8,8" },
	"robotnik_lrz2_01":  { "File": "3d2dRobotnik.png", "Rect": "26,36,16,16", "Center": "8,8" },
	"robotnik_lrz2_02":  { "File": "3d2dRobotnik.png", "Rect": "18,53,24,16", "Center": "16,8" },
	"robotnik_lrz2_03":  { "File": "3d2dRobotnik.png", "Rect": "18,69,24,16", "Center": "16,8" },
	"robotnik_lrz2_laugh_00":  { "File": "3d2dRobotnik.png", "Rect": "2,53,16,16", "Center": "8,8" },
	"robotnik_lrz2_laugh_01":  { "File": "3d2dRobotnik.png", "Rect": "2,69,16,16", "Center": "8,8" },
	"robotnik_standing_00":  { "File": "3d2dRobotnik.png", "Rect": "43,34,32,56", "Center": "16,28" },
	"robotnik_standing_01":  { "File": "3d2dRobotnik.png", "Rect": "76,34,32,56", "Center": "16,28" },
	"robotnik_standing_02":  { "File": "3d2dRobotnik.png", "Rect": "109,34,32,56", "Center": "16,28" },
	"robotnik_standing_03":  { "File": "3d2dRobotnik.png", "Rect": "142,34,32,56", "Center": "16,28" },
	"robotnik_standing_laugh_00":  { "File": "3d2dRobotnik.png", "Rect": "176,34,32,56", "Center": "16,28" },
	"robotnik_standing_laugh_01":  { "File": "3d2dRobotnik.png", "Rect": "165,313,32,56", "Center": "16,28" },
	"robotnik_moving_00":  { "File": "3d2dRobotnik.png", "Rect": "0,257,59,44", "Center": "29,24" },
	"robotnik_moving_01":  { "File": "3d2dRobotnik.png", "Rect": "61,255,46,55", "Center": "16,24" },
	"robotnik_moving_02":  { "File": "3d2dRobotnik.png", "Rect": "110,256,51,53", "Center": "21,24" },
	"robotnik_moving_03":  { "File": "3d2dRobotnik.png", "Rect": "167,259,46,45", "Center": "18,24" },
	"robotnik_cont_00":  { "File": "3d2dRobotnik.png", "Rect": "0,257,59,44", "Center": "29,24" },
	"robotnik_cont_01":  { "File": "3d2dRobotnik.png", "Rect": "61,255,46,55", "Center": "16,24" },
	"robotnik_cont_02":  { "File": "3d2dRobotnik.png", "Rect": "110,256,51,53", "Center": "21,24" },
	"robotnik_cont_03":  { "File": "3d2dRobotnik.png", "Rect": "167,259,46,45", "Center": "18,24" },
	"robotnik_delete_d8":  { "File": "3d2dRobotnik.png", "Rect": "2,92,52,79", "Center": "28,76" },
	"robotnik_delete_d9":  { "File": "3d2dRobotnik.png", "Rect": "55,92,52,79", "Center": "28,76" },
	"robotnik_delete_da":  { "File": "3d2dRobotnik.png", "Rect": "109,93,52,79", "Center": "28,76" },
	"robotnik_delete_db":  { "File": "3d2dRobotnik.png", "Rect": "55,92,52,79", "Center": "28,76" },
	"robotnik_delete_dc":  { "File": "3d2dRobotnik.png", "Rect": "161,94,52,79", "Center": "28,76" },
	"robotnik_delete_e8":  { "File": "3d2dRobotnik.png", "Rect": "3,175,52,79", "Center": "28,76" },
	"robotnik_delete_e9":  { "File": "3d2dRobotnik.png", "Rect": "56,175,52,79", "Center": "28,76" },
	"robotnik_delete_ea":  { "File": "3d2dRobotnik.png", "Rect": "110,176,52,79", "Center": "28,76" },
	"robotnik_delete_eb":  { "File": "3d2dRobotnik.png", "Rect": "56,175,52,79", "Center": "28,76" },
	"robotnik_delete_ec":  { "File": "3d2dRobotnik.png", "Rect": "162,177,52,79", "Center": "28,76" },
	"robotnik_ending_00":  { "File": "3d2dRobotnik.png", "Rect": "54,312,45,58", "Center": "22,29" },
	"robotnik_ending_01":  { "File": "3d2dRobotnik.png", "Rect": "103,312,45,58", "Center": "22,29" },
	"robotnik_lrzIntro_00":  { "File": "3d2dRobotnik.png", "Rect": "3,385,52,52", "Center": "26,28" },
	"robotnik_lrzIntro_01":  { "File": "3d2dRobotnik.png", "Rect": "56,385,52,52", "Center": "26,28" },
	"robotnik_lrzIntro_laugh_00":  { "File": "3d2dRobotnik.png", "Rect": "109,385,52,52", "Center": "26,28" },
	"robotnik_lrzIntro_laugh_01":  { "File": "3d2dRobotnik.png", "Rect": "162,385,52,52", "Center": "26,28" },
	"eggmanlost1_3d2d":  { "File": "3d2dRobotnik.png", "Rect": "9,442,64,64", "Center": "32,32" },
	"eggmanlost2_3d2d":  { "File": "3d2dRobotnik.png", "Rect": "73,442,64,64", "Center": "32,32" },
	"eggmanlost3_3d2d":  { "File": "3d2dRobotnik.png", "Rect": "137,442,64,64", "Center": "32,32" },
	"eggmanlost4_3d2d":  { "File": "3d2dRobotnik.png", "Rect": "9,506,64,64", "Center": "32,32" },
	"eggmanlost5_3d2d":  { "File": "3d2dRobotnik.png", "Rect": "72,506,64,64", "Center": "32,32" },
	"eggmanlost6_3d2d":  { "File": "3d2dRobotnik.png", "Rect": "136,506,64,64", "Center": "32,32" },
	"robotnik_bluespheres_07":  { "File": "BlueSpheres.png", "Rect": "0,0,86,128", "Center": "48,24" },
	"robotnik_bluespheres_08":  { "File": "BlueSpheres.png", "Rect": "86,0,86,128", "Center": "48,24" }
}