{
	"Void": { "File": "bluespheres_objects.png", "Rect": "1,1,1,1", "Center": "0,0" },
	// Blue Sphere
	"BlueSphere_size_0": { "File": "bluespheres_objects.png", "Rect": "1,1,32,32", "Center": "16,16" },
	"BlueSphere_size_1": { "File": "bluespheres_objects.png", "Rect": "34,1,32,32", "Center": "16,16" },
	"BlueSphere_size_2": { "File": "bluespheres_objects.png", "Rect": "67,1,32,32", "Center": "16,16" },
	"BlueSphere_size_3": { "File": "bluespheres_objects.png", "Rect": "100,1,32,32", "Center": "16,16" },
	"BlueSphere_size_4": { "File": "bluespheres_objects.png", "Rect": "133,1,32,32", "Center": "16,16" },
	"BlueSphere_size_5": { "File": "bluespheres_objects.png", "Rect": "166,1,32,32", "Center": "16,16" },
	"BlueSphere_size_6": { "File": "bluespheres_objects.png", "Rect": "199,1,32,32", "Center": "16,16" },
	"BlueSphere_size_7": { "File": "bluespheres_objects.png", "Rect": "232,1,32,32", "Center": "16,16" },
	"BlueSphere_size_8": { "File": "bluespheres_objects.png", "Rect": "265,1,32,32", "Center": "16,16" },
	"BlueSphere_size_9": { "File": "bluespheres_objects.png", "Rect": "298,1,32,32", "Center": "16,16" },
	"BlueSphere_size_10": { "File": "bluespheres_objects.png", "Rect": "331,1,32,32", "Center": "16,16" },
	"BlueSphere_size_11": { "File": "bluespheres_objects.png", "Rect": "364,1,32,32", "Center": "16,16" },
	"BlueSphere_size_12": { "File": "bluespheres_objects.png", "Rect": "397,1,32,32", "Center": "16,16" },
	"BlueSphere_size_13": { "File": "bluespheres_objects.png", "Rect": "430,1,32,32", "Center": "16,16" },
	"BlueSphere_size_14": { "File": "bluespheres_objects.png", "Rect": "463,1,32,32", "Center": "16,16" },
	"BlueSphere_size_15": { "File": "bluespheres_objects.png", "Rect": "496,1,32,32", "Center": "16,16" },
	"BlueSphere_size_16": { "File": "bluespheres_objects.png", "Rect": "529,1,32,32", "Center": "16,16" },
	"BlueSphere_size_17": { "File": "bluespheres_objects.png", "Rect": "562,1,32,32", "Center": "16,16" },
	"BlueSphere_size_18": { "File": "bluespheres_objects.png", "Rect": "595,1,32,32", "Center": "16,16" },
	"BlueSphere_size_19": { "File": "bluespheres_objects.png", "Rect": "628,1,32,32", "Center": "16,16" },
	"BlueSphere_size_20": { "File": "bluespheres_objects.png", "Rect": "661,1,32,32", "Center": "16,16" },
	"BlueSphere_size_21": { "File": "bluespheres_objects.png", "Rect": "694,1,32,32", "Center": "16,16" },
	"BlueSphere_size_22": { "File": "bluespheres_objects.png", "Rect": "727,1,32,32", "Center": "16,16" },
	"BlueSphere_size_23": { "File": "bluespheres_objects.png", "Rect": "760,1,32,32", "Center": "16,16" },
	"BlueSphere_size_24": { "File": "bluespheres_objects.png", "Rect": "793,1,32,32", "Center": "16,16" },
	"BlueSphere_size_25": { "File": "bluespheres_objects.png", "Rect": "826,1,32,32", "Center": "16,16" },
	"BlueSphere_size_26": { "File": "bluespheres_objects.png", "Rect": "859,1,32,32", "Center": "16,16" },
	"BlueSphere_size_27": { "File": "bluespheres_objects.png", "Rect": "892,1,32,32", "Center": "16,16" },
	"BlueSphere_size_28": { "File": "bluespheres_objects.png", "Rect": "925,1,32,32", "Center": "16,16" },
	"BlueSphere_size_29": { "File": "bluespheres_objects.png", "Rect": "958,1,32,32", "Center": "16,16" },
	"BlueSphere_size_30": { "File": "bluespheres_objects.png", "Rect": "991,1,32,32", "Center": "16,16" },
	"BlueSphere_size_31": { "File": "bluespheres_objects.png", "Rect": "1024,1,32,32", "Center": "16,16" },
	// Red Sphere
	"RedSphere_size_0": { "File": "bluespheres_objects.png", "Rect": "1,34,32,32", "Center": "16,16" },
	"RedSphere_size_1": { "File": "bluespheres_objects.png", "Rect": "34,34,32,32", "Center": "16,16" },
	"RedSphere_size_2": { "File": "bluespheres_objects.png", "Rect": "67,34,32,32", "Center": "16,16" },
	"RedSphere_size_3": { "File": "bluespheres_objects.png", "Rect": "100,34,32,32", "Center": "16,16" },
	"RedSphere_size_4": { "File": "bluespheres_objects.png", "Rect": "133,34,32,32", "Center": "16,16" },
	"RedSphere_size_5": { "File": "bluespheres_objects.png", "Rect": "166,34,32,32", "Center": "16,16" },
	"RedSphere_size_6": { "File": "bluespheres_objects.png", "Rect": "199,34,32,32", "Center": "16,16" },
	"RedSphere_size_7": { "File": "bluespheres_objects.png", "Rect": "232,34,32,32", "Center": "16,16" },
	"RedSphere_size_8": { "File": "bluespheres_objects.png", "Rect": "265,34,32,32", "Center": "16,16" },
	"RedSphere_size_9": { "File": "bluespheres_objects.png", "Rect": "298,34,32,32", "Center": "16,16" },
	"RedSphere_size_10": { "File": "bluespheres_objects.png", "Rect": "331,34,32,32", "Center": "16,16" },
	"RedSphere_size_11": { "File": "bluespheres_objects.png", "Rect": "364,34,32,32", "Center": "16,16" },
	"RedSphere_size_12": { "File": "bluespheres_objects.png", "Rect": "397,34,32,32", "Center": "16,16" },
	"RedSphere_size_13": { "File": "bluespheres_objects.png", "Rect": "430,34,32,32", "Center": "16,16" },
	"RedSphere_size_14": { "File": "bluespheres_objects.png", "Rect": "463,34,32,32", "Center": "16,16" },
	"RedSphere_size_15": { "File": "bluespheres_objects.png", "Rect": "496,34,32,32", "Center": "16,16" },
	"RedSphere_size_16": { "File": "bluespheres_objects.png", "Rect": "529,34,32,32", "Center": "16,16" },
	"RedSphere_size_17": { "File": "bluespheres_objects.png", "Rect": "562,34,32,32", "Center": "16,16" },
	"RedSphere_size_18": { "File": "bluespheres_objects.png", "Rect": "595,34,32,32", "Center": "16,16" },
	"RedSphere_size_19": { "File": "bluespheres_objects.png", "Rect": "628,34,32,32", "Center": "16,16" },
	"RedSphere_size_20": { "File": "bluespheres_objects.png", "Rect": "661,34,32,32", "Center": "16,16" },
	"RedSphere_size_21": { "File": "bluespheres_objects.png", "Rect": "694,34,32,32", "Center": "16,16" },
	"RedSphere_size_22": { "File": "bluespheres_objects.png", "Rect": "727,34,32,32", "Center": "16,16" },
	"RedSphere_size_23": { "File": "bluespheres_objects.png", "Rect": "760,34,32,32", "Center": "16,16" },
	"RedSphere_size_24": { "File": "bluespheres_objects.png", "Rect": "793,34,32,32", "Center": "16,16" },
	"RedSphere_size_25": { "File": "bluespheres_objects.png", "Rect": "826,34,32,32", "Center": "16,16" },
	"RedSphere_size_26": { "File": "bluespheres_objects.png", "Rect": "859,34,32,32", "Center": "16,16" },
	"RedSphere_size_27": { "File": "bluespheres_objects.png", "Rect": "892,34,32,32", "Center": "16,16" },
	"RedSphere_size_28": { "File": "bluespheres_objects.png", "Rect": "925,34,32,32", "Center": "16,16" },
	"RedSphere_size_29": { "File": "bluespheres_objects.png", "Rect": "958,34,32,32", "Center": "16,16" },
	"RedSphere_size_30": { "File": "bluespheres_objects.png", "Rect": "991,34,32,32", "Center": "16,16" },
	"RedSphere_size_31": { "File": "bluespheres_objects.png", "Rect": "1024,34,32,32", "Center": "16,16" },
	// Yellow Sphere
	"YellowSphere_size_0": { "File": "bluespheres_objects.png", "Rect": "1,67,32,32", "Center": "16,16" },
	"YellowSphere_size_1": { "File": "bluespheres_objects.png", "Rect": "34,67,32,32", "Center": "16,16" },
	"YellowSphere_size_2": { "File": "bluespheres_objects.png", "Rect": "67,67,32,32", "Center": "16,16" },
	"YellowSphere_size_3": { "File": "bluespheres_objects.png", "Rect": "100,67,32,32", "Center": "16,16" },
	"YellowSphere_size_4": { "File": "bluespheres_objects.png", "Rect": "133,67,32,32", "Center": "16,16" },
	"YellowSphere_size_5": { "File": "bluespheres_objects.png", "Rect": "166,67,32,32", "Center": "16,16" },
	"YellowSphere_size_6": { "File": "bluespheres_objects.png", "Rect": "199,67,32,32", "Center": "16,16" },
	"YellowSphere_size_7": { "File": "bluespheres_objects.png", "Rect": "232,67,32,32", "Center": "16,16" },
	"YellowSphere_size_8": { "File": "bluespheres_objects.png", "Rect": "265,67,32,32", "Center": "16,16" },
	"YellowSphere_size_9": { "File": "bluespheres_objects.png", "Rect": "298,67,32,32", "Center": "16,16" },
	"YellowSphere_size_10": { "File": "bluespheres_objects.png", "Rect": "331,67,32,32", "Center": "16,16" },
	"YellowSphere_size_11": { "File": "bluespheres_objects.png", "Rect": "364,67,32,32", "Center": "16,16" },
	"YellowSphere_size_12": { "File": "bluespheres_objects.png", "Rect": "397,67,32,32", "Center": "16,16" },
	"YellowSphere_size_13": { "File": "bluespheres_objects.png", "Rect": "430,67,32,32", "Center": "16,16" },
	"YellowSphere_size_14": { "File": "bluespheres_objects.png", "Rect": "463,67,32,32", "Center": "16,16" },
	"YellowSphere_size_15": { "File": "bluespheres_objects.png", "Rect": "496,67,32,32", "Center": "16,16" },
	"YellowSphere_size_16": { "File": "bluespheres_objects.png", "Rect": "529,67,32,32", "Center": "16,16" },
	"YellowSphere_size_17": { "File": "bluespheres_objects.png", "Rect": "562,67,32,32", "Center": "16,16" },
	"YellowSphere_size_18": { "File": "bluespheres_objects.png", "Rect": "595,67,32,32", "Center": "16,16" },
	"YellowSphere_size_19": { "File": "bluespheres_objects.png", "Rect": "628,67,32,32", "Center": "16,16" },
	"YellowSphere_size_20": { "File": "bluespheres_objects.png", "Rect": "661,67,32,32", "Center": "16,16" },
	"YellowSphere_size_21": { "File": "bluespheres_objects.png", "Rect": "694,67,32,32", "Center": "16,16" },
	"YellowSphere_size_22": { "File": "bluespheres_objects.png", "Rect": "727,67,32,32", "Center": "16,16" },
	"YellowSphere_size_23": { "File": "bluespheres_objects.png", "Rect": "760,67,32,32", "Center": "16,16" },
	"YellowSphere_size_24": { "File": "bluespheres_objects.png", "Rect": "793,67,32,32", "Center": "16,16" },
	"YellowSphere_size_25": { "File": "bluespheres_objects.png", "Rect": "826,67,32,32", "Center": "16,16" },
	"YellowSphere_size_26": { "File": "bluespheres_objects.png", "Rect": "859,67,32,32", "Center": "16,16" },
	"YellowSphere_size_27": { "File": "bluespheres_objects.png", "Rect": "892,67,32,32", "Center": "16,16" },
	"YellowSphere_size_28": { "File": "bluespheres_objects.png", "Rect": "925,67,32,32", "Center": "16,16" },
	"YellowSphere_size_29": { "File": "bluespheres_objects.png", "Rect": "958,67,32,32", "Center": "16,16" },
	"YellowSphere_size_30": { "File": "bluespheres_objects.png", "Rect": "991,67,32,32", "Center": "16,16" },
	"YellowSphere_size_31": { "File": "bluespheres_objects.png", "Rect": "1024,67,32,32", "Center": "16,16" },
	// Green Sphere
	"GreenSphere_size_0": { "File": "bluespheres_objects.png", "Rect": "1,100,32,32", "Center": "16,16" },
	"GreenSphere_size_1": { "File": "bluespheres_objects.png", "Rect": "34,100,32,32", "Center": "16,16" },
	"GreenSphere_size_2": { "File": "bluespheres_objects.png", "Rect": "67,100,32,32", "Center": "16,16" },
	"GreenSphere_size_3": { "File": "bluespheres_objects.png", "Rect": "100,100,32,32", "Center": "16,16" },
	"GreenSphere_size_4": { "File": "bluespheres_objects.png", "Rect": "133,100,32,32", "Center": "16,16" },
	"GreenSphere_size_5": { "File": "bluespheres_objects.png", "Rect": "166,100,32,32", "Center": "16,16" },
	"GreenSphere_size_6": { "File": "bluespheres_objects.png", "Rect": "199,100,32,32", "Center": "16,16" },
	"GreenSphere_size_7": { "File": "bluespheres_objects.png", "Rect": "232,100,32,32", "Center": "16,16" },
	"GreenSphere_size_8": { "File": "bluespheres_objects.png", "Rect": "265,100,32,32", "Center": "16,16" },
	"GreenSphere_size_9": { "File": "bluespheres_objects.png", "Rect": "298,100,32,32", "Center": "16,16" },
	"GreenSphere_size_10": { "File": "bluespheres_objects.png", "Rect": "331,100,32,32", "Center": "16,16" },
	"GreenSphere_size_11": { "File": "bluespheres_objects.png", "Rect": "364,100,32,32", "Center": "16,16" },
	"GreenSphere_size_12": { "File": "bluespheres_objects.png", "Rect": "397,100,32,32", "Center": "16,16" },
	"GreenSphere_size_13": { "File": "bluespheres_objects.png", "Rect": "430,100,32,32", "Center": "16,16" },
	"GreenSphere_size_14": { "File": "bluespheres_objects.png", "Rect": "463,100,32,32", "Center": "16,16" },
	"GreenSphere_size_15": { "File": "bluespheres_objects.png", "Rect": "496,100,32,32", "Center": "16,16" },
	"GreenSphere_size_16": { "File": "bluespheres_objects.png", "Rect": "529,100,32,32", "Center": "16,16" },
	"GreenSphere_size_17": { "File": "bluespheres_objects.png", "Rect": "562,100,32,32", "Center": "16,16" },
	"GreenSphere_size_18": { "File": "bluespheres_objects.png", "Rect": "595,100,32,32", "Center": "16,16" },
	"GreenSphere_size_19": { "File": "bluespheres_objects.png", "Rect": "628,100,32,32", "Center": "16,16" },
	"GreenSphere_size_20": { "File": "bluespheres_objects.png", "Rect": "661,100,32,32", "Center": "16,16" },
	"GreenSphere_size_21": { "File": "bluespheres_objects.png", "Rect": "694,100,32,32", "Center": "16,16" },
	"GreenSphere_size_22": { "File": "bluespheres_objects.png", "Rect": "727,100,32,32", "Center": "16,16" },
	"GreenSphere_size_23": { "File": "bluespheres_objects.png", "Rect": "760,100,32,32", "Center": "16,16" },
	"GreenSphere_size_24": { "File": "bluespheres_objects.png", "Rect": "793,100,32,32", "Center": "16,16" },
	"GreenSphere_size_25": { "File": "bluespheres_objects.png", "Rect": "826,100,32,32", "Center": "16,16" },
	"GreenSphere_size_26": { "File": "bluespheres_objects.png", "Rect": "859,100,32,32", "Center": "16,16" },
	"GreenSphere_size_27": { "File": "bluespheres_objects.png", "Rect": "892,100,32,32", "Center": "16,16" },
	"GreenSphere_size_28": { "File": "bluespheres_objects.png", "Rect": "925,100,32,32", "Center": "16,16" },
	"GreenSphere_size_29": { "File": "bluespheres_objects.png", "Rect": "958,100,32,32", "Center": "16,16" },
	"GreenSphere_size_30": { "File": "bluespheres_objects.png", "Rect": "991,100,32,32", "Center": "16,16" },
	"GreenSphere_size_31": { "File": "bluespheres_objects.png", "Rect": "1024,100,32,32", "Center": "16,16" },
	// Pink Sphere
	"PinkSphere_size_0": { "File": "bluespheres_objects.png", "Rect": "1,133,32,32", "Center": "16,16" },
	"PinkSphere_size_1": { "File": "bluespheres_objects.png", "Rect": "34,133,32,32", "Center": "16,16" },
	"PinkSphere_size_2": { "File": "bluespheres_objects.png", "Rect": "67,133,32,32", "Center": "16,16" },
	"PinkSphere_size_3": { "File": "bluespheres_objects.png", "Rect": "100,133,32,32", "Center": "16,16" },
	"PinkSphere_size_4": { "File": "bluespheres_objects.png", "Rect": "133,133,32,32", "Center": "16,16" },
	"PinkSphere_size_5": { "File": "bluespheres_objects.png", "Rect": "166,133,32,32", "Center": "16,16" },
	"PinkSphere_size_6": { "File": "bluespheres_objects.png", "Rect": "199,133,32,32", "Center": "16,16" },
	"PinkSphere_size_7": { "File": "bluespheres_objects.png", "Rect": "232,133,32,32", "Center": "16,16" },
	"PinkSphere_size_8": { "File": "bluespheres_objects.png", "Rect": "265,133,32,32", "Center": "16,16" },
	"PinkSphere_size_9": { "File": "bluespheres_objects.png", "Rect": "298,133,32,32", "Center": "16,16" },
	"PinkSphere_size_10": { "File": "bluespheres_objects.png", "Rect": "331,133,32,32", "Center": "16,16" },
	"PinkSphere_size_11": { "File": "bluespheres_objects.png", "Rect": "364,133,32,32", "Center": "16,16" },
	"PinkSphere_size_12": { "File": "bluespheres_objects.png", "Rect": "397,133,32,32", "Center": "16,16" },
	"PinkSphere_size_13": { "File": "bluespheres_objects.png", "Rect": "430,133,32,32", "Center": "16,16" },
	"PinkSphere_size_14": { "File": "bluespheres_objects.png", "Rect": "463,133,32,32", "Center": "16,16" },
	"PinkSphere_size_15": { "File": "bluespheres_objects.png", "Rect": "496,133,32,32", "Center": "16,16" },
	"PinkSphere_size_16": { "File": "bluespheres_objects.png", "Rect": "529,133,32,32", "Center": "16,16" },
	"PinkSphere_size_17": { "File": "bluespheres_objects.png", "Rect": "562,133,32,32", "Center": "16,16" },
	"PinkSphere_size_18": { "File": "bluespheres_objects.png", "Rect": "595,133,32,32", "Center": "16,16" },
	"PinkSphere_size_19": { "File": "bluespheres_objects.png", "Rect": "628,133,32,32", "Center": "16,16" },
	"PinkSphere_size_20": { "File": "bluespheres_objects.png", "Rect": "661,133,32,32", "Center": "16,16" },
	"PinkSphere_size_21": { "File": "bluespheres_objects.png", "Rect": "694,133,32,32", "Center": "16,16" },
	"PinkSphere_size_22": { "File": "bluespheres_objects.png", "Rect": "727,133,32,32", "Center": "16,16" },
	"PinkSphere_size_23": { "File": "bluespheres_objects.png", "Rect": "760,133,32,32", "Center": "16,16" },
	"PinkSphere_size_24": { "File": "bluespheres_objects.png", "Rect": "793,133,32,32", "Center": "16,16" },
	"PinkSphere_size_25": { "File": "bluespheres_objects.png", "Rect": "826,133,32,32", "Center": "16,16" },
	"PinkSphere_size_26": { "File": "bluespheres_objects.png", "Rect": "859,133,32,32", "Center": "16,16" },
	"PinkSphere_size_27": { "File": "bluespheres_objects.png", "Rect": "892,133,32,32", "Center": "16,16" },
	"PinkSphere_size_28": { "File": "bluespheres_objects.png", "Rect": "925,133,32,32", "Center": "16,16" },
	"PinkSphere_size_29": { "File": "bluespheres_objects.png", "Rect": "958,133,32,32", "Center": "16,16" },
	"PinkSphere_size_30": { "File": "bluespheres_objects.png", "Rect": "991,133,32,32", "Center": "16,16" },
	"PinkSphere_size_31": { "File": "bluespheres_objects.png", "Rect": "1024,133,32,32", "Center": "16,16" },
	// Bumper Sphere
	"BumperSphere_size_0": { "File": "bluespheres_objects.png", "Rect": "1,166,32,32", "Center": "16,16" },
	"BumperSphere_size_1": { "File": "bluespheres_objects.png", "Rect": "34,166,32,32", "Center": "16,16" },
	"BumperSphere_size_2": { "File": "bluespheres_objects.png", "Rect": "67,166,32,32", "Center": "16,16" },
	"BumperSphere_size_3": { "File": "bluespheres_objects.png", "Rect": "100,166,32,32", "Center": "16,16" },
	"BumperSphere_size_4": { "File": "bluespheres_objects.png", "Rect": "133,166,32,32", "Center": "16,16" },
	"BumperSphere_size_5": { "File": "bluespheres_objects.png", "Rect": "166,166,32,32", "Center": "16,16" },
	"BumperSphere_size_6": { "File": "bluespheres_objects.png", "Rect": "199,166,32,32", "Center": "16,16" },
	"BumperSphere_size_7": { "File": "bluespheres_objects.png", "Rect": "232,166,32,32", "Center": "16,16" },
	"BumperSphere_size_8": { "File": "bluespheres_objects.png", "Rect": "265,166,32,32", "Center": "16,16" },
	"BumperSphere_size_9": { "File": "bluespheres_objects.png", "Rect": "298,166,32,32", "Center": "16,16" },
	"BumperSphere_size_10": { "File": "bluespheres_objects.png", "Rect": "331,166,32,32", "Center": "16,16" },
	"BumperSphere_size_11": { "File": "bluespheres_objects.png", "Rect": "364,166,32,32", "Center": "16,16" },
	"BumperSphere_size_12": { "File": "bluespheres_objects.png", "Rect": "397,166,32,32", "Center": "16,16" },
	"BumperSphere_size_13": { "File": "bluespheres_objects.png", "Rect": "430,166,32,32", "Center": "16,16" },
	"BumperSphere_size_14": { "File": "bluespheres_objects.png", "Rect": "463,166,32,32", "Center": "16,16" },
	"BumperSphere_size_15": { "File": "bluespheres_objects.png", "Rect": "496,166,32,32", "Center": "16,16" },
	"BumperSphere_size_16": { "File": "bluespheres_objects.png", "Rect": "529,166,32,32", "Center": "16,16" },
	"BumperSphere_size_17": { "File": "bluespheres_objects.png", "Rect": "562,166,32,32", "Center": "16,16" },
	"BumperSphere_size_18": { "File": "bluespheres_objects.png", "Rect": "595,166,32,32", "Center": "16,16" },
	"BumperSphere_size_19": { "File": "bluespheres_objects.png", "Rect": "628,166,32,32", "Center": "16,16" },
	"BumperSphere_size_20": { "File": "bluespheres_objects.png", "Rect": "661,166,32,32", "Center": "16,16" },
	"BumperSphere_size_21": { "File": "bluespheres_objects.png", "Rect": "694,166,32,32", "Center": "16,16" },
	"BumperSphere_size_22": { "File": "bluespheres_objects.png", "Rect": "727,166,32,32", "Center": "16,16" },
	"BumperSphere_size_23": { "File": "bluespheres_objects.png", "Rect": "760,166,32,32", "Center": "16,16" },
	"BumperSphere_size_24": { "File": "bluespheres_objects.png", "Rect": "793,166,32,32", "Center": "16,16" },
	"BumperSphere_size_25": { "File": "bluespheres_objects.png", "Rect": "826,166,32,32", "Center": "16,16" },
	"BumperSphere_size_26": { "File": "bluespheres_objects.png", "Rect": "859,166,32,32", "Center": "16,16" },
	"BumperSphere_size_27": { "File": "bluespheres_objects.png", "Rect": "892,166,32,32", "Center": "16,16" },
	"BumperSphere_size_28": { "File": "bluespheres_objects.png", "Rect": "925,166,32,32", "Center": "16,16" },
	"BumperSphere_size_29": { "File": "bluespheres_objects.png", "Rect": "958,166,32,32", "Center": "16,16" },
	"BumperSphere_size_30": { "File": "bluespheres_objects.png", "Rect": "991,166,32,32", "Center": "16,16" },
	"BumperSphere_size_31": { "File": "bluespheres_objects.png", "Rect": "1024,166,32,32", "Center": "16,16" },
	// Super Emerald Green
	"SuperEmerald_Green_size_0": { "File": "bluespheres_objects.png", "Rect": "1,199,48,40", "Center": "24,20" },
	"SuperEmerald_Green_size_1": { "File": "bluespheres_objects.png", "Rect": "50,199,48,40", "Center": "24,20" },
	"SuperEmerald_Green_size_2": { "File": "bluespheres_objects.png", "Rect": "99,199,48,40", "Center": "24,20" },
	"SuperEmerald_Green_size_3": { "File": "bluespheres_objects.png", "Rect": "148,199,48,40", "Center": "24,20" },
	"SuperEmerald_Green_size_4": { "File": "bluespheres_objects.png", "Rect": "197,199,48,40", "Center": "24,20" },
	"SuperEmerald_Green_size_5": { "File": "bluespheres_objects.png", "Rect": "246,199,48,40", "Center": "24,20" },
	"SuperEmerald_Green_size_6": { "File": "bluespheres_objects.png", "Rect": "295,199,48,40", "Center": "24,20" },
	"SuperEmerald_Green_size_7": { "File": "bluespheres_objects.png", "Rect": "344,199,48,40", "Center": "24,20" },
	"SuperEmerald_Green_size_8": { "File": "bluespheres_objects.png", "Rect": "393,199,48,40", "Center": "24,20" },
	"SuperEmerald_Green_size_9": { "File": "bluespheres_objects.png", "Rect": "442,199,48,40", "Center": "24,20" },
	"SuperEmerald_Green_size_10": { "File": "bluespheres_objects.png", "Rect": "491,199,48,40", "Center": "24,20" },
	"SuperEmerald_Green_size_11": { "File": "bluespheres_objects.png", "Rect": "540,199,48,40", "Center": "24,20" },
	"SuperEmerald_Green_size_12": { "File": "bluespheres_objects.png", "Rect": "589,199,48,40", "Center": "24,20" },
	"SuperEmerald_Green_size_13": { "File": "bluespheres_objects.png", "Rect": "638,199,48,40", "Center": "24,20" },
	"SuperEmerald_Green_size_14": { "File": "bluespheres_objects.png", "Rect": "687,199,48,40", "Center": "24,20" },
	"SuperEmerald_Green_size_15": { "File": "bluespheres_objects.png", "Rect": "736,199,48,40", "Center": "24,20" },
	// Super Emerald Yellow
	"SuperEmerald_Yellow_size_0": { "File": "bluespheres_objects.png", "Rect": "1,240,48,40", "Center": "24,20" },
	"SuperEmerald_Yellow_size_1": { "File": "bluespheres_objects.png", "Rect": "50,240,48,40", "Center": "24,20" },
	"SuperEmerald_Yellow_size_2": { "File": "bluespheres_objects.png", "Rect": "99,240,48,40", "Center": "24,20" },
	"SuperEmerald_Yellow_size_3": { "File": "bluespheres_objects.png", "Rect": "148,240,48,40", "Center": "24,20" },
	"SuperEmerald_Yellow_size_4": { "File": "bluespheres_objects.png", "Rect": "197,240,48,40", "Center": "24,20" },
	"SuperEmerald_Yellow_size_5": { "File": "bluespheres_objects.png", "Rect": "246,240,48,40", "Center": "24,20" },
	"SuperEmerald_Yellow_size_6": { "File": "bluespheres_objects.png", "Rect": "295,240,48,40", "Center": "24,20" },
	"SuperEmerald_Yellow_size_7": { "File": "bluespheres_objects.png", "Rect": "344,240,48,40", "Center": "24,20" },
	"SuperEmerald_Yellow_size_8": { "File": "bluespheres_objects.png", "Rect": "393,240,48,40", "Center": "24,20" },
	"SuperEmerald_Yellow_size_9": { "File": "bluespheres_objects.png", "Rect": "442,240,48,40", "Center": "24,20" },
	"SuperEmerald_Yellow_size_10": { "File": "bluespheres_objects.png", "Rect": "491,240,48,40", "Center": "24,20" },
	"SuperEmerald_Yellow_size_11": { "File": "bluespheres_objects.png", "Rect": "540,240,48,40", "Center": "24,20" },
	"SuperEmerald_Yellow_size_12": { "File": "bluespheres_objects.png", "Rect": "589,240,48,40", "Center": "24,20" },
	"SuperEmerald_Yellow_size_13": { "File": "bluespheres_objects.png", "Rect": "638,240,48,40", "Center": "24,20" },
	"SuperEmerald_Yellow_size_14": { "File": "bluespheres_objects.png", "Rect": "687,240,48,40", "Center": "24,20" },
	"SuperEmerald_Yellow_size_15": { "File": "bluespheres_objects.png", "Rect": "736,240,48,40", "Center": "24,20" },
	// Super Emerald Orange
	"SuperEmerald_Orange_size_0": { "File": "bluespheres_objects.png", "Rect": "1,281,48,40", "Center": "24,20" },
	"SuperEmerald_Orange_size_1": { "File": "bluespheres_objects.png", "Rect": "50,281,48,40", "Center": "24,20" },
	"SuperEmerald_Orange_size_2": { "File": "bluespheres_objects.png", "Rect": "99,281,48,40", "Center": "24,20" },
	"SuperEmerald_Orange_size_3": { "File": "bluespheres_objects.png", "Rect": "148,281,48,40", "Center": "24,20" },
	"SuperEmerald_Orange_size_4": { "File": "bluespheres_objects.png", "Rect": "197,281,48,40", "Center": "24,20" },
	"SuperEmerald_Orange_size_5": { "File": "bluespheres_objects.png", "Rect": "246,281,48,40", "Center": "24,20" },
	"SuperEmerald_Orange_size_6": { "File": "bluespheres_objects.png", "Rect": "295,281,48,40", "Center": "24,20" },
	"SuperEmerald_Orange_size_7": { "File": "bluespheres_objects.png", "Rect": "344,281,48,40", "Center": "24,20" },
	"SuperEmerald_Orange_size_8": { "File": "bluespheres_objects.png", "Rect": "393,281,48,40", "Center": "24,20" },
	"SuperEmerald_Orange_size_9": { "File": "bluespheres_objects.png", "Rect": "442,281,48,40", "Center": "24,20" },
	"SuperEmerald_Orange_size_10": { "File": "bluespheres_objects.png", "Rect": "491,281,48,40", "Center": "24,20" },
	"SuperEmerald_Orange_size_11": { "File": "bluespheres_objects.png", "Rect": "540,281,48,40", "Center": "24,20" },
	"SuperEmerald_Orange_size_12": { "File": "bluespheres_objects.png", "Rect": "589,281,48,40", "Center": "24,20" },
	"SuperEmerald_Orange_size_13": { "File": "bluespheres_objects.png", "Rect": "638,281,48,40", "Center": "24,20" },
	"SuperEmerald_Orange_size_14": { "File": "bluespheres_objects.png", "Rect": "687,281,48,40", "Center": "24,20" },
	"SuperEmerald_Orange_size_15": { "File": "bluespheres_objects.png", "Rect": "736,281,48,40", "Center": "24,20" },
	// Super Emerald Pink
	"SuperEmerald_Pink_size_0": { "File": "bluespheres_objects.png", "Rect": "1,322,48,40", "Center": "24,20" },
	"SuperEmerald_Pink_size_1": { "File": "bluespheres_objects.png", "Rect": "50,322,48,40", "Center": "24,20" },
	"SuperEmerald_Pink_size_2": { "File": "bluespheres_objects.png", "Rect": "99,322,48,40", "Center": "24,20" },
	"SuperEmerald_Pink_size_3": { "File": "bluespheres_objects.png", "Rect": "148,322,48,40", "Center": "24,20" },
	"SuperEmerald_Pink_size_4": { "File": "bluespheres_objects.png", "Rect": "197,322,48,40", "Center": "24,20" },
	"SuperEmerald_Pink_size_5": { "File": "bluespheres_objects.png", "Rect": "246,322,48,40", "Center": "24,20" },
	"SuperEmerald_Pink_size_6": { "File": "bluespheres_objects.png", "Rect": "295,322,48,40", "Center": "24,20" },
	"SuperEmerald_Pink_size_7": { "File": "bluespheres_objects.png", "Rect": "344,322,48,40", "Center": "24,20" },
	"SuperEmerald_Pink_size_8": { "File": "bluespheres_objects.png", "Rect": "393,322,48,40", "Center": "24,20" },
	"SuperEmerald_Pink_size_9": { "File": "bluespheres_objects.png", "Rect": "442,322,48,40", "Center": "24,20" },
	"SuperEmerald_Pink_size_10": { "File": "bluespheres_objects.png", "Rect": "491,322,48,40", "Center": "24,20" },
	"SuperEmerald_Pink_size_11": { "File": "bluespheres_objects.png", "Rect": "540,322,48,40", "Center": "24,20" },
	"SuperEmerald_Pink_size_12": { "File": "bluespheres_objects.png", "Rect": "589,322,48,40", "Center": "24,20" },
	"SuperEmerald_Pink_size_13": { "File": "bluespheres_objects.png", "Rect": "638,322,48,40", "Center": "24,20" },
	"SuperEmerald_Pink_size_14": { "File": "bluespheres_objects.png", "Rect": "687,322,48,40", "Center": "24,20" },
	"SuperEmerald_Pink_size_15": { "File": "bluespheres_objects.png", "Rect": "736,322,48,40", "Center": "24,20" },
	// Super Emerald Blue
	"SuperEmerald_Blue_size_0": { "File": "bluespheres_objects.png", "Rect": "1,363,48,40", "Center": "24,20" },
	"SuperEmerald_Blue_size_1": { "File": "bluespheres_objects.png", "Rect": "50,363,48,40", "Center": "24,20" },
	"SuperEmerald_Blue_size_2": { "File": "bluespheres_objects.png", "Rect": "99,363,48,40", "Center": "24,20" },
	"SuperEmerald_Blue_size_3": { "File": "bluespheres_objects.png", "Rect": "148,363,48,40", "Center": "24,20" },
	"SuperEmerald_Blue_size_4": { "File": "bluespheres_objects.png", "Rect": "197,363,48,40", "Center": "24,20" },
	"SuperEmerald_Blue_size_5": { "File": "bluespheres_objects.png", "Rect": "246,363,48,40", "Center": "24,20" },
	"SuperEmerald_Blue_size_6": { "File": "bluespheres_objects.png", "Rect": "295,363,48,40", "Center": "24,20" },
	"SuperEmerald_Blue_size_7": { "File": "bluespheres_objects.png", "Rect": "344,363,48,40", "Center": "24,20" },
	"SuperEmerald_Blue_size_8": { "File": "bluespheres_objects.png", "Rect": "393,363,48,40", "Center": "24,20" },
	"SuperEmerald_Blue_size_9": { "File": "bluespheres_objects.png", "Rect": "442,363,48,40", "Center": "24,20" },
	"SuperEmerald_Blue_size_10": { "File": "bluespheres_objects.png", "Rect": "491,363,48,40", "Center": "24,20" },
	"SuperEmerald_Blue_size_11": { "File": "bluespheres_objects.png", "Rect": "540,363,48,40", "Center": "24,20" },
	"SuperEmerald_Blue_size_12": { "File": "bluespheres_objects.png", "Rect": "589,363,48,40", "Center": "24,20" },
	"SuperEmerald_Blue_size_13": { "File": "bluespheres_objects.png", "Rect": "638,363,48,40", "Center": "24,20" },
	"SuperEmerald_Blue_size_14": { "File": "bluespheres_objects.png", "Rect": "687,363,48,40", "Center": "24,20" },
	"SuperEmerald_Blue_size_15": { "File": "bluespheres_objects.png", "Rect": "736,363,48,40", "Center": "24,20" },
	// Super Emerald Gray
	"SuperEmerald_Gray_size_0": { "File": "bluespheres_objects.png", "Rect": "1,404,48,40", "Center": "24,20" },
	"SuperEmerald_Gray_size_1": { "File": "bluespheres_objects.png", "Rect": "50,404,48,40", "Center": "24,20" },
	"SuperEmerald_Gray_size_2": { "File": "bluespheres_objects.png", "Rect": "99,404,48,40", "Center": "24,20" },
	"SuperEmerald_Gray_size_3": { "File": "bluespheres_objects.png", "Rect": "148,404,48,40", "Center": "24,20" },
	"SuperEmerald_Gray_size_4": { "File": "bluespheres_objects.png", "Rect": "197,404,48,40", "Center": "24,20" },
	"SuperEmerald_Gray_size_5": { "File": "bluespheres_objects.png", "Rect": "246,404,48,40", "Center": "24,20" },
	"SuperEmerald_Gray_size_6": { "File": "bluespheres_objects.png", "Rect": "295,404,48,40", "Center": "24,20" },
	"SuperEmerald_Gray_size_7": { "File": "bluespheres_objects.png", "Rect": "344,404,48,40", "Center": "24,20" },
	"SuperEmerald_Gray_size_8": { "File": "bluespheres_objects.png", "Rect": "393,404,48,40", "Center": "24,20" },
	"SuperEmerald_Gray_size_9": { "File": "bluespheres_objects.png", "Rect": "442,404,48,40", "Center": "24,20" },
	"SuperEmerald_Gray_size_10": { "File": "bluespheres_objects.png", "Rect": "491,404,48,40", "Center": "24,20" },
	"SuperEmerald_Gray_size_11": { "File": "bluespheres_objects.png", "Rect": "540,404,48,40", "Center": "24,20" },
	"SuperEmerald_Gray_size_12": { "File": "bluespheres_objects.png", "Rect": "589,404,48,40", "Center": "24,20" },
	"SuperEmerald_Gray_size_13": { "File": "bluespheres_objects.png", "Rect": "638,404,48,40", "Center": "24,20" },
	"SuperEmerald_Gray_size_14": { "File": "bluespheres_objects.png", "Rect": "687,404,48,40", "Center": "24,20" },
	"SuperEmerald_Gray_size_15": { "File": "bluespheres_objects.png", "Rect": "736,404,48,40", "Center": "24,20" },
	// Super Emerald Red
	"SuperEmerald_Red_size_0": { "File": "bluespheres_objects.png", "Rect": "1,445,48,40", "Center": "24,20" },
	"SuperEmerald_Red_size_1": { "File": "bluespheres_objects.png", "Rect": "50,445,48,40", "Center": "24,20" },
	"SuperEmerald_Red_size_2": { "File": "bluespheres_objects.png", "Rect": "99,445,48,40", "Center": "24,20" },
	"SuperEmerald_Red_size_3": { "File": "bluespheres_objects.png", "Rect": "148,445,48,40", "Center": "24,20" },
	"SuperEmerald_Red_size_4": { "File": "bluespheres_objects.png", "Rect": "197,445,48,40", "Center": "24,20" },
	"SuperEmerald_Red_size_5": { "File": "bluespheres_objects.png", "Rect": "246,445,48,40", "Center": "24,20" },
	"SuperEmerald_Red_size_6": { "File": "bluespheres_objects.png", "Rect": "295,445,48,40", "Center": "24,20" },
	"SuperEmerald_Red_size_7": { "File": "bluespheres_objects.png", "Rect": "344,445,48,40", "Center": "24,20" },
	"SuperEmerald_Red_size_8": { "File": "bluespheres_objects.png", "Rect": "393,445,48,40", "Center": "24,20" },
	"SuperEmerald_Red_size_9": { "File": "bluespheres_objects.png", "Rect": "442,445,48,40", "Center": "24,20" },
	"SuperEmerald_Red_size_10": { "File": "bluespheres_objects.png", "Rect": "491,445,48,40", "Center": "24,20" },
	"SuperEmerald_Red_size_11": { "File": "bluespheres_objects.png", "Rect": "540,445,48,40", "Center": "24,20" },
	"SuperEmerald_Red_size_12": { "File": "bluespheres_objects.png", "Rect": "589,445,48,40", "Center": "24,20" },
	"SuperEmerald_Red_size_13": { "File": "bluespheres_objects.png", "Rect": "638,445,48,40", "Center": "24,20" },
	"SuperEmerald_Red_size_14": { "File": "bluespheres_objects.png", "Rect": "687,445,48,40", "Center": "24,20" },
	"SuperEmerald_Red_size_15": { "File": "bluespheres_objects.png", "Rect": "736,445,48,40", "Center": "24,20" },
	// Super Emerald Cyan
	"SuperEmerald_Cyan_size_0": { "File": "bluespheres_objects.png", "Rect": "1,486,48,40", "Center": "24,20" },
	"SuperEmerald_Cyan_size_1": { "File": "bluespheres_objects.png", "Rect": "50,486,48,40", "Center": "24,20" },
	"SuperEmerald_Cyan_size_2": { "File": "bluespheres_objects.png", "Rect": "99,486,48,40", "Center": "24,20" },
	"SuperEmerald_Cyan_size_3": { "File": "bluespheres_objects.png", "Rect": "148,486,48,40", "Center": "24,20" },
	"SuperEmerald_Cyan_size_4": { "File": "bluespheres_objects.png", "Rect": "197,486,48,40", "Center": "24,20" },
	"SuperEmerald_Cyan_size_5": { "File": "bluespheres_objects.png", "Rect": "246,486,48,40", "Center": "24,20" },
	"SuperEmerald_Cyan_size_6": { "File": "bluespheres_objects.png", "Rect": "295,486,48,40", "Center": "24,20" },
	"SuperEmerald_Cyan_size_7": { "File": "bluespheres_objects.png", "Rect": "344,486,48,40", "Center": "24,20" },
	"SuperEmerald_Cyan_size_8": { "File": "bluespheres_objects.png", "Rect": "393,486,48,40", "Center": "24,20" },
	"SuperEmerald_Cyan_size_9": { "File": "bluespheres_objects.png", "Rect": "442,486,48,40", "Center": "24,20" },
	"SuperEmerald_Cyan_size_10": { "File": "bluespheres_objects.png", "Rect": "491,486,48,40", "Center": "24,20" },
	"SuperEmerald_Cyan_size_11": { "File": "bluespheres_objects.png", "Rect": "540,486,48,40", "Center": "24,20" },
	"SuperEmerald_Cyan_size_12": { "File": "bluespheres_objects.png", "Rect": "589,486,48,40", "Center": "24,20" },
	"SuperEmerald_Cyan_size_13": { "File": "bluespheres_objects.png", "Rect": "638,486,48,40", "Center": "24,20" },
	"SuperEmerald_Cyan_size_14": { "File": "bluespheres_objects.png", "Rect": "687,486,48,40", "Center": "24,20" },
	"SuperEmerald_Cyan_size_15": { "File": "bluespheres_objects.png", "Rect": "736,486,48,40", "Center": "24,20" },
	// Chaos Emerald Green
	"ChaosEmerald_Green_size_0": { "File": "bluespheres_objects.png", "Rect": "1,527,32,32", "Center": "16,16" },
	"ChaosEmerald_Green_size_1": { "File": "bluespheres_objects.png", "Rect": "34,527,32,32", "Center": "16,16" },
	"ChaosEmerald_Green_size_2": { "File": "bluespheres_objects.png", "Rect": "67,527,32,32", "Center": "16,16" },
	"ChaosEmerald_Green_size_3": { "File": "bluespheres_objects.png", "Rect": "100,527,32,32", "Center": "16,16" },
	"ChaosEmerald_Green_size_4": { "File": "bluespheres_objects.png", "Rect": "133,527,32,32", "Center": "16,16" },
	"ChaosEmerald_Green_size_5": { "File": "bluespheres_objects.png", "Rect": "166,527,32,32", "Center": "16,16" },
	"ChaosEmerald_Green_size_6": { "File": "bluespheres_objects.png", "Rect": "199,527,32,32", "Center": "16,16" },
	"ChaosEmerald_Green_size_7": { "File": "bluespheres_objects.png", "Rect": "232,527,32,32", "Center": "16,16" },
	"ChaosEmerald_Green_size_8": { "File": "bluespheres_objects.png", "Rect": "265,527,32,32", "Center": "16,16" },
	"ChaosEmerald_Green_size_9": { "File": "bluespheres_objects.png", "Rect": "298,527,32,32", "Center": "16,16" },
	"ChaosEmerald_Green_size_10": { "File": "bluespheres_objects.png", "Rect": "331,527,32,32", "Center": "16,16" },
	"ChaosEmerald_Green_size_11": { "File": "bluespheres_objects.png", "Rect": "364,527,32,32", "Center": "16,16" },
	"ChaosEmerald_Green_size_12": { "File": "bluespheres_objects.png", "Rect": "397,527,32,32", "Center": "16,16" },
	"ChaosEmerald_Green_size_13": { "File": "bluespheres_objects.png", "Rect": "430,527,32,32", "Center": "16,16" },
	"ChaosEmerald_Green_size_14": { "File": "bluespheres_objects.png", "Rect": "463,527,32,32", "Center": "16,16" },
	"ChaosEmerald_Green_size_15": { "File": "bluespheres_objects.png", "Rect": "496,527,32,32", "Center": "16,16" },
	// Chaos Emerald Yellow
	"ChaosEmerald_Yellow_size_0": { "File": "bluespheres_objects.png", "Rect": "1,560,32,32", "Center": "16,16" },
	"ChaosEmerald_Yellow_size_1": { "File": "bluespheres_objects.png", "Rect": "34,560,32,32", "Center": "16,16" },
	"ChaosEmerald_Yellow_size_2": { "File": "bluespheres_objects.png", "Rect": "67,560,32,32", "Center": "16,16" },
	"ChaosEmerald_Yellow_size_3": { "File": "bluespheres_objects.png", "Rect": "100,560,32,32", "Center": "16,16" },
	"ChaosEmerald_Yellow_size_4": { "File": "bluespheres_objects.png", "Rect": "133,560,32,32", "Center": "16,16" },
	"ChaosEmerald_Yellow_size_5": { "File": "bluespheres_objects.png", "Rect": "166,560,32,32", "Center": "16,16" },
	"ChaosEmerald_Yellow_size_6": { "File": "bluespheres_objects.png", "Rect": "199,560,32,32", "Center": "16,16" },
	"ChaosEmerald_Yellow_size_7": { "File": "bluespheres_objects.png", "Rect": "232,560,32,32", "Center": "16,16" },
	"ChaosEmerald_Yellow_size_8": { "File": "bluespheres_objects.png", "Rect": "265,560,32,32", "Center": "16,16" },
	"ChaosEmerald_Yellow_size_9": { "File": "bluespheres_objects.png", "Rect": "298,560,32,32", "Center": "16,16" },
	"ChaosEmerald_Yellow_size_10": { "File": "bluespheres_objects.png", "Rect": "331,560,32,32", "Center": "16,16" },
	"ChaosEmerald_Yellow_size_11": { "File": "bluespheres_objects.png", "Rect": "364,560,32,32", "Center": "16,16" },
	"ChaosEmerald_Yellow_size_12": { "File": "bluespheres_objects.png", "Rect": "397,560,32,32", "Center": "16,16" },
	"ChaosEmerald_Yellow_size_13": { "File": "bluespheres_objects.png", "Rect": "430,560,32,32", "Center": "16,16" },
	"ChaosEmerald_Yellow_size_14": { "File": "bluespheres_objects.png", "Rect": "463,560,32,32", "Center": "16,16" },
	"ChaosEmerald_Yellow_size_15": { "File": "bluespheres_objects.png", "Rect": "496,560,32,32", "Center": "16,16" },
	// Chaos Emerald Orange
	"ChaosEmerald_Orange_size_0": { "File": "bluespheres_objects.png", "Rect": "1,593,32,32", "Center": "16,16" },
	"ChaosEmerald_Orange_size_1": { "File": "bluespheres_objects.png", "Rect": "34,593,32,32", "Center": "16,16" },
	"ChaosEmerald_Orange_size_2": { "File": "bluespheres_objects.png", "Rect": "67,593,32,32", "Center": "16,16" },
	"ChaosEmerald_Orange_size_3": { "File": "bluespheres_objects.png", "Rect": "100,593,32,32", "Center": "16,16" },
	"ChaosEmerald_Orange_size_4": { "File": "bluespheres_objects.png", "Rect": "133,593,32,32", "Center": "16,16" },
	"ChaosEmerald_Orange_size_5": { "File": "bluespheres_objects.png", "Rect": "166,593,32,32", "Center": "16,16" },
	"ChaosEmerald_Orange_size_6": { "File": "bluespheres_objects.png", "Rect": "199,593,32,32", "Center": "16,16" },
	"ChaosEmerald_Orange_size_7": { "File": "bluespheres_objects.png", "Rect": "232,593,32,32", "Center": "16,16" },
	"ChaosEmerald_Orange_size_8": { "File": "bluespheres_objects.png", "Rect": "265,593,32,32", "Center": "16,16" },
	"ChaosEmerald_Orange_size_9": { "File": "bluespheres_objects.png", "Rect": "298,593,32,32", "Center": "16,16" },
	"ChaosEmerald_Orange_size_10": { "File": "bluespheres_objects.png", "Rect": "331,593,32,32", "Center": "16,16" },
	"ChaosEmerald_Orange_size_11": { "File": "bluespheres_objects.png", "Rect": "364,593,32,32", "Center": "16,16" },
	"ChaosEmerald_Orange_size_12": { "File": "bluespheres_objects.png", "Rect": "397,593,32,32", "Center": "16,16" },
	"ChaosEmerald_Orange_size_13": { "File": "bluespheres_objects.png", "Rect": "430,593,32,32", "Center": "16,16" },
	"ChaosEmerald_Orange_size_14": { "File": "bluespheres_objects.png", "Rect": "463,593,32,32", "Center": "16,16" },
	"ChaosEmerald_Orange_size_15": { "File": "bluespheres_objects.png", "Rect": "496,593,32,32", "Center": "16,16" },
	// Chaos Emerald Pink
	"ChaosEmerald_Pink_size_0": { "File": "bluespheres_objects.png", "Rect": "1,626,32,32", "Center": "16,16" },
	"ChaosEmerald_Pink_size_1": { "File": "bluespheres_objects.png", "Rect": "34,626,32,32", "Center": "16,16" },
	"ChaosEmerald_Pink_size_2": { "File": "bluespheres_objects.png", "Rect": "67,626,32,32", "Center": "16,16" },
	"ChaosEmerald_Pink_size_3": { "File": "bluespheres_objects.png", "Rect": "100,626,32,32", "Center": "16,16" },
	"ChaosEmerald_Pink_size_4": { "File": "bluespheres_objects.png", "Rect": "133,626,32,32", "Center": "16,16" },
	"ChaosEmerald_Pink_size_5": { "File": "bluespheres_objects.png", "Rect": "166,626,32,32", "Center": "16,16" },
	"ChaosEmerald_Pink_size_6": { "File": "bluespheres_objects.png", "Rect": "199,626,32,32", "Center": "16,16" },
	"ChaosEmerald_Pink_size_7": { "File": "bluespheres_objects.png", "Rect": "232,626,32,32", "Center": "16,16" },
	"ChaosEmerald_Pink_size_8": { "File": "bluespheres_objects.png", "Rect": "265,626,32,32", "Center": "16,16" },
	"ChaosEmerald_Pink_size_9": { "File": "bluespheres_objects.png", "Rect": "298,626,32,32", "Center": "16,16" },
	"ChaosEmerald_Pink_size_10": { "File": "bluespheres_objects.png", "Rect": "331,626,32,32", "Center": "16,16" },
	"ChaosEmerald_Pink_size_11": { "File": "bluespheres_objects.png", "Rect": "364,626,32,32", "Center": "16,16" },
	"ChaosEmerald_Pink_size_12": { "File": "bluespheres_objects.png", "Rect": "397,626,32,32", "Center": "16,16" },
	"ChaosEmerald_Pink_size_13": { "File": "bluespheres_objects.png", "Rect": "430,626,32,32", "Center": "16,16" },
	"ChaosEmerald_Pink_size_14": { "File": "bluespheres_objects.png", "Rect": "463,626,32,32", "Center": "16,16" },
	"ChaosEmerald_Pink_size_15": { "File": "bluespheres_objects.png", "Rect": "496,626,32,32", "Center": "16,16" },
	// Chaos Emerald Blue
	"ChaosEmerald_Blue_size_0": { "File": "bluespheres_objects.png", "Rect": "1,659,32,32", "Center": "16,16" },
	"ChaosEmerald_Blue_size_1": { "File": "bluespheres_objects.png", "Rect": "34,659,32,32", "Center": "16,16" },
	"ChaosEmerald_Blue_size_2": { "File": "bluespheres_objects.png", "Rect": "67,659,32,32", "Center": "16,16" },
	"ChaosEmerald_Blue_size_3": { "File": "bluespheres_objects.png", "Rect": "100,659,32,32", "Center": "16,16" },
	"ChaosEmerald_Blue_size_4": { "File": "bluespheres_objects.png", "Rect": "133,659,32,32", "Center": "16,16" },
	"ChaosEmerald_Blue_size_5": { "File": "bluespheres_objects.png", "Rect": "166,659,32,32", "Center": "16,16" },
	"ChaosEmerald_Blue_size_6": { "File": "bluespheres_objects.png", "Rect": "199,659,32,32", "Center": "16,16" },
	"ChaosEmerald_Blue_size_7": { "File": "bluespheres_objects.png", "Rect": "232,659,32,32", "Center": "16,16" },
	"ChaosEmerald_Blue_size_8": { "File": "bluespheres_objects.png", "Rect": "265,659,32,32", "Center": "16,16" },
	"ChaosEmerald_Blue_size_9": { "File": "bluespheres_objects.png", "Rect": "298,659,32,32", "Center": "16,16" },
	"ChaosEmerald_Blue_size_10": { "File": "bluespheres_objects.png", "Rect": "331,659,32,32", "Center": "16,16" },
	"ChaosEmerald_Blue_size_11": { "File": "bluespheres_objects.png", "Rect": "364,659,32,32", "Center": "16,16" },
	"ChaosEmerald_Blue_size_12": { "File": "bluespheres_objects.png", "Rect": "397,659,32,32", "Center": "16,16" },
	"ChaosEmerald_Blue_size_13": { "File": "bluespheres_objects.png", "Rect": "430,659,32,32", "Center": "16,16" },
	"ChaosEmerald_Blue_size_14": { "File": "bluespheres_objects.png", "Rect": "463,659,32,32", "Center": "16,16" },
	"ChaosEmerald_Blue_size_15": { "File": "bluespheres_objects.png", "Rect": "496,659,32,32", "Center": "16,16" },
	// Chaos Emerald Gray
	"ChaosEmerald_Gray_size_0": { "File": "bluespheres_objects.png", "Rect": "1,692,32,32", "Center": "16,16" },
	"ChaosEmerald_Gray_size_1": { "File": "bluespheres_objects.png", "Rect": "34,692,32,32", "Center": "16,16" },
	"ChaosEmerald_Gray_size_2": { "File": "bluespheres_objects.png", "Rect": "67,692,32,32", "Center": "16,16" },
	"ChaosEmerald_Gray_size_3": { "File": "bluespheres_objects.png", "Rect": "100,692,32,32", "Center": "16,16" },
	"ChaosEmerald_Gray_size_4": { "File": "bluespheres_objects.png", "Rect": "133,692,32,32", "Center": "16,16" },
	"ChaosEmerald_Gray_size_5": { "File": "bluespheres_objects.png", "Rect": "166,692,32,32", "Center": "16,16" },
	"ChaosEmerald_Gray_size_6": { "File": "bluespheres_objects.png", "Rect": "199,692,32,32", "Center": "16,16" },
	"ChaosEmerald_Gray_size_7": { "File": "bluespheres_objects.png", "Rect": "232,692,32,32", "Center": "16,16" },
	"ChaosEmerald_Gray_size_8": { "File": "bluespheres_objects.png", "Rect": "265,692,32,32", "Center": "16,16" },
	"ChaosEmerald_Gray_size_9": { "File": "bluespheres_objects.png", "Rect": "298,692,32,32", "Center": "16,16" },
	"ChaosEmerald_Gray_size_10": { "File": "bluespheres_objects.png", "Rect": "331,692,32,32", "Center": "16,16" },
	"ChaosEmerald_Gray_size_11": { "File": "bluespheres_objects.png", "Rect": "364,692,32,32", "Center": "16,16" },
	"ChaosEmerald_Gray_size_12": { "File": "bluespheres_objects.png", "Rect": "397,692,32,32", "Center": "16,16" },
	"ChaosEmerald_Gray_size_13": { "File": "bluespheres_objects.png", "Rect": "430,692,32,32", "Center": "16,16" },
	"ChaosEmerald_Gray_size_14": { "File": "bluespheres_objects.png", "Rect": "463,692,32,32", "Center": "16,16" },
	"ChaosEmerald_Gray_size_15": { "File": "bluespheres_objects.png", "Rect": "496,692,32,32", "Center": "16,16" },
	// Chaos Emerald Red
	"ChaosEmerald_Red_size_0": { "File": "bluespheres_objects.png", "Rect": "1,725,32,32", "Center": "16,16" },
	"ChaosEmerald_Red_size_1": { "File": "bluespheres_objects.png", "Rect": "34,725,32,32", "Center": "16,16" },
	"ChaosEmerald_Red_size_2": { "File": "bluespheres_objects.png", "Rect": "67,725,32,32", "Center": "16,16" },
	"ChaosEmerald_Red_size_3": { "File": "bluespheres_objects.png", "Rect": "100,725,32,32", "Center": "16,16" },
	"ChaosEmerald_Red_size_4": { "File": "bluespheres_objects.png", "Rect": "133,725,32,32", "Center": "16,16" },
	"ChaosEmerald_Red_size_5": { "File": "bluespheres_objects.png", "Rect": "166,725,32,32", "Center": "16,16" },
	"ChaosEmerald_Red_size_6": { "File": "bluespheres_objects.png", "Rect": "199,725,32,32", "Center": "16,16" },
	"ChaosEmerald_Red_size_7": { "File": "bluespheres_objects.png", "Rect": "232,725,32,32", "Center": "16,16" },
	"ChaosEmerald_Red_size_8": { "File": "bluespheres_objects.png", "Rect": "265,725,32,32", "Center": "16,16" },
	"ChaosEmerald_Red_size_9": { "File": "bluespheres_objects.png", "Rect": "298,725,32,32", "Center": "16,16" },
	"ChaosEmerald_Red_size_10": { "File": "bluespheres_objects.png", "Rect": "331,725,32,32", "Center": "16,16" },
	"ChaosEmerald_Red_size_11": { "File": "bluespheres_objects.png", "Rect": "364,725,32,32", "Center": "16,16" },
	"ChaosEmerald_Red_size_12": { "File": "bluespheres_objects.png", "Rect": "397,725,32,32", "Center": "16,16" },
	"ChaosEmerald_Red_size_13": { "File": "bluespheres_objects.png", "Rect": "430,725,32,32", "Center": "16,16" },
	"ChaosEmerald_Red_size_14": { "File": "bluespheres_objects.png", "Rect": "463,725,32,32", "Center": "16,16" },
	"ChaosEmerald_Red_size_15": { "File": "bluespheres_objects.png", "Rect": "496,725,32,32", "Center": "16,16" },
	// Chaos Emerald Cyan
	"ChaosEmerald_Cyan_size_0": { "File": "bluespheres_objects.png", "Rect": "1,758,32,32", "Center": "16,16" },
	"ChaosEmerald_Cyan_size_1": { "File": "bluespheres_objects.png", "Rect": "34,758,32,32", "Center": "16,16" },
	"ChaosEmerald_Cyan_size_2": { "File": "bluespheres_objects.png", "Rect": "67,758,32,32", "Center": "16,16" },
	"ChaosEmerald_Cyan_size_3": { "File": "bluespheres_objects.png", "Rect": "100,758,32,32", "Center": "16,16" },
	"ChaosEmerald_Cyan_size_4": { "File": "bluespheres_objects.png", "Rect": "133,758,32,32", "Center": "16,16" },
	"ChaosEmerald_Cyan_size_5": { "File": "bluespheres_objects.png", "Rect": "166,758,32,32", "Center": "16,16" },
	"ChaosEmerald_Cyan_size_6": { "File": "bluespheres_objects.png", "Rect": "199,758,32,32", "Center": "16,16" },
	"ChaosEmerald_Cyan_size_7": { "File": "bluespheres_objects.png", "Rect": "232,758,32,32", "Center": "16,16" },
	"ChaosEmerald_Cyan_size_8": { "File": "bluespheres_objects.png", "Rect": "265,758,32,32", "Center": "16,16" },
	"ChaosEmerald_Cyan_size_9": { "File": "bluespheres_objects.png", "Rect": "298,758,32,32", "Center": "16,16" },
	"ChaosEmerald_Cyan_size_10": { "File": "bluespheres_objects.png", "Rect": "331,758,32,32", "Center": "16,16" },
	"ChaosEmerald_Cyan_size_11": { "File": "bluespheres_objects.png", "Rect": "364,758,32,32", "Center": "16,16" },
	"ChaosEmerald_Cyan_size_12": { "File": "bluespheres_objects.png", "Rect": "397,758,32,32", "Center": "16,16" },
	"ChaosEmerald_Cyan_size_13": { "File": "bluespheres_objects.png", "Rect": "430,758,32,32", "Center": "16,16" },
	"ChaosEmerald_Cyan_size_14": { "File": "bluespheres_objects.png", "Rect": "463,758,32,32", "Center": "16,16" },
	"ChaosEmerald_Cyan_size_15": { "File": "bluespheres_objects.png", "Rect": "496,758,32,32", "Center": "16,16" },
	// Ring
	"Ring_0": { "File": "bluespheres_objects.png", "Rect": "1,791,32,32", "Center": "16,16" },
	"Ring_1": { "File": "bluespheres_objects.png", "Rect": "34,791,32,32", "Center": "16,16" },
	"Ring_2": { "File": "bluespheres_objects.png", "Rect": "67,791,32,32", "Center": "16,16" },
	"Ring_3": { "File": "bluespheres_objects.png", "Rect": "100,791,32,32", "Center": "16,16" },
	"Ring_4": { "File": "bluespheres_objects.png", "Rect": "133,791,32,32", "Center": "16,16" },
	"Ring_5": { "File": "bluespheres_objects.png", "Rect": "166,791,32,32", "Center": "16,16" },
	"Ring_6": { "File": "bluespheres_objects.png", "Rect": "199,791,32,32", "Center": "16,16" },
	"Ring_7": { "File": "bluespheres_objects.png", "Rect": "232,791,32,32", "Center": "16,16" },
	"Ring_8": { "File": "bluespheres_objects.png", "Rect": "265,791,32,32", "Center": "16,16" },
	"Ring_9": { "File": "bluespheres_objects.png", "Rect": "298,791,32,32", "Center": "16,16" },
	"Ring_10": { "File": "bluespheres_objects.png", "Rect": "331,791,32,32", "Center": "16,16" },
	"Ring_11": { "File": "bluespheres_objects.png", "Rect": "364,791,32,32", "Center": "16,16" },
	"Ring_12": { "File": "bluespheres_objects.png", "Rect": "397,791,32,32", "Center": "16,16" },
	"Ring_13": { "File": "bluespheres_objects.png", "Rect": "430,791,32,32", "Center": "16,16" },
	"Ring_14": { "File": "bluespheres_objects.png", "Rect": "463,791,32,32", "Center": "16,16" },
	"Ring_15": { "File": "bluespheres_objects.png", "Rect": "496,791,32,32", "Center": "16,16" },
	// Ring Sparkle
	"RingSparkle_0": { "File": "bluespheres_objects.png", "Rect": "1,824,32,32", "Center": "16,16" },
	"RingSparkle_1": { "File": "bluespheres_objects.png", "Rect": "34,824,32,32", "Center": "16,16" },
	"RingSparkle_2": { "File": "bluespheres_objects.png", "Rect": "67,824,32,32", "Center": "16,16" },
	"RingSparkle_3": { "File": "bluespheres_objects.png", "Rect": "100,824,32,32", "Center": "16,16" },
	// HUD
	"SwitchBadge": { "File": "bluespheres_objects.png", "Rect": "785,277,22,22", "Center": "11,11" },
	"SwitchButton": { "File": "bluespheres_objects.png", "Rect": "808,277,16,16", "Center": "8,8" },
	"SpheresCounterPlate": { "File": "bluespheres_objects.png", "Rect": "785,199,77,22", "Center": "29,11" },
	"RingsCounterPlate": { "File": "bluespheres_objects.png", "Rect": "785,222,77,22", "Center": "48,11" },
	"Text_GetBlue": { "File": "bluespheres_objects.png", "Rect": "863,199,80,16", "Center": "80,8" },
	"Text_Spheres": { "File": "bluespheres_objects.png", "Rect": "944,199,80,16", "Center": "0,8" },
	"Text_Perf": { "File": "bluespheres_objects.png", "Rect": "863,216,48,16", "Center": "48,8" },
	"Text_ect": { "File": "bluespheres_objects.png", "Rect": "912,216,40,16", "Center": "0,8" },
	"Text_Balls": { "File": "bluespheres_objects.png", "Rect": "953,216,64,16", "Center": "0,8" },
	"Text_Time": { "File": "bluespheres_objects.png", "Rect": "825,277,50,16", "Center": "50,8" },
	"Text_Over": { "File": "bluespheres_objects.png", "Rect": "876,277,50,16", "Center": "0,8" },
	"Text_NotEnou": { "File": "bluespheres_objects.png", "Rect": "785,260,80,16", "Center": "80,8" },
	"Text_ghRings": { "File": "bluespheres_objects.png", "Rect": "866,260,76,16", "Center": "0,8" },
	"Number_0": { "File": "bluespheres_objects.png", "Rect": "785,245,16,14", "Center": "8,7" },
	"Number_1": { "File": "bluespheres_objects.png", "Rect": "802,245,16,14", "Center": "8,7" },
	"Number_2": { "File": "bluespheres_objects.png", "Rect": "819,245,16,14", "Center": "8,7" },
	"Number_3": { "File": "bluespheres_objects.png", "Rect": "836,245,16,14", "Center": "8,7" },
	"Number_4": { "File": "bluespheres_objects.png", "Rect": "853,245,16,14", "Center": "8,7" },
	"Number_5": { "File": "bluespheres_objects.png", "Rect": "870,245,16,14", "Center": "8,7" },
	"Number_6": { "File": "bluespheres_objects.png", "Rect": "887,245,16,14", "Center": "8,7" },
	"Number_7": { "File": "bluespheres_objects.png", "Rect": "904,245,16,14", "Center": "8,7" },
	"Number_8": { "File": "bluespheres_objects.png", "Rect": "921,245,16,14", "Center": "8,7" },
	"Number_9": { "File": "bluespheres_objects.png", "Rect": "938,245,16,14", "Center": "8,7" },
	// Player shadow
	"Shadow_1P": { "File": "bluespheres_objects.png", "Rect": "1025,244,32,27", "Center": "16,0" },
	"Shadow_2P": { "File": "bluespheres_objects.png", "Rect": "1025,199,32,44", "Center": "16,0" }
} 