{
	"bluesphere_tails_0x01":  { "File": "bluesphere_tails.bmp", "Rect": "0,4,32,40", "Center": "13,33" },
	"bluesphere_tails_0x02":  { "File": "bluesphere_tails.bmp", "Rect": "32,0,32,48", "Center": "13,37" },
	"bluesphere_tails_0x03":  { "File": "bluesphere_tails.bmp", "Rect": "64,0,32,48", "Center": "13,38" },
	"bluesphere_tails_0x04":  { "File": "bluesphere_tails.bmp", "Rect": "100,0,24,48", "Center": "11,37" },
	"bluesphere_tails_0x05":  { "File": "bluesphere_tails.bmp", "Rect": "128,0,32,48", "Center": "11,37" },
	"bluesphere_tails_0x06":  { "File": "bluesphere_tails.bmp", "Rect": "160,0,32,48", "Center": "20,37" },
	"bluesphere_tails_0x07":  { "File": "bluesphere_tails.bmp", "Rect": "196,0,24,48", "Center": "14,37" },
	"bluesphere_tails_0x08":  { "File": "bluesphere_tails.bmp", "Rect": "224,0,32,48", "Center": "22,38" },
	"bluesphere_tails_0x09":  { "File": "bluesphere_tails.bmp", "Rect": "260,8,24,32", "Center": "12,35" },
	"bluesphere_tails_0x0a":  { "File": "bluesphere_tails.bmp", "Rect": "292,8,24,32", "Center": "12,35" },
	"bluesphere_tails_0x0b":  { "File": "bluesphere_tails.bmp", "Rect": "324,8,24,32", "Center": "12,35" }
}