{
	// Sonic
	"CharacterSonic_idle_0": { "File": "bluespheres_characters.png", "Rect": "1,1,48,56", "Center": "24,44" },
	// Walk
	"CharacterSonic_walk_0": { "File": "bluespheres_characters.png", "Rect": "50,1,48,56", "Center": "24,44" },
	"CharacterSonic_walk_1": { "File": "bluespheres_characters.png", "Rect": "99,1,48,56", "Center": "24,44" },
	"CharacterSonic_walk_2": { "File": "bluespheres_characters.png", "Rect": "148,1,48,56", "Center": "24,44" },
	"CharacterSonic_walk_3": { "File": "bluespheres_characters.png", "Rect": "197,1,48,56", "Center": "24,44" },
	"CharacterSonic_walk_4": { "File": "bluespheres_characters.png", "Rect": "246,1,48,56", "Center": "24,44" },
	"CharacterSonic_walk_5": { "File": "bluespheres_characters.png", "Rect": "295,1,48,56", "Center": "24,44" },
	"CharacterSonic_walk_6": { "File": "bluespheres_characters.png", "Rect": "344,1,48,56", "Center": "24,44" },
	"CharacterSonic_walk_7": { "File": "bluespheres_characters.png", "Rect": "393,1,48,56", "Center": "24,44" },
	"CharacterSonic_walk_8": { "File": "bluespheres_characters.png", "Rect": "442,1,48,56", "Center": "24,44" },
	"CharacterSonic_walk_9": { "File": "bluespheres_characters.png", "Rect": "491,1,48,56", "Center": "24,44" },
	"CharacterSonic_walk_10": { "File": "bluespheres_characters.png", "Rect": "540,1,48,56", "Center": "24,44" },
	"CharacterSonic_walk_11": { "File": "bluespheres_characters.png", "Rect": "589,1,48,56", "Center": "24,44" },
	"CharacterSonic_walk_12": { "File": "bluespheres_characters.png", "Rect": "638,1,48,56", "Center": "24,44" },
	// Jump
	"CharacterSonic_jump_0": { "File": "bluespheres_characters.png", "Rect": "638,1,48,56", "Center": "24,44" },
	"CharacterSonic_jump_1": { "File": "bluespheres_characters.png", "Rect": "687,1,48,56", "Center": "24,44" },
	"CharacterSonic_jump_2": { "File": "bluespheres_characters.png", "Rect": "736,1,48,56", "Center": "24,44" },
	"CharacterSonic_jump_3": { "File": "bluespheres_characters.png", "Rect": "638,1,48,56", "Center": "24,44" },
	"CharacterSonic_jump_4": { "File": "bluespheres_characters.png", "Rect": "687,1,48,56", "Center": "24,44" },
	"CharacterSonic_jump_5": { "File": "bluespheres_characters.png", "Rect": "785,1,48,56", "Center": "24,44" },
	"CharacterSonic_jump_6": { "File": "bluespheres_characters.png", "Rect": "638,1,48,56", "Center": "24,44" },
	"CharacterSonic_jump_7": { "File": "bluespheres_characters.png", "Rect": "687,1,48,56", "Center": "24,44" },
	"CharacterSonic_jump_8": { "File": "bluespheres_characters.png", "Rect": "834,1,48,56", "Center": "24,44" },
	"CharacterSonic_jump_9": { "File": "bluespheres_characters.png", "Rect": "638,1,48,56", "Center": "24,44" },
	"CharacterSonic_jump_10": { "File": "bluespheres_characters.png", "Rect": "687,1,48,56", "Center": "24,44" },
	"CharacterSonic_jump_11": { "File": "bluespheres_characters.png", "Rect": "883,1,48,56", "Center": "24,44" },
	// Miles
	"CharacterMiles_idle_0": { "File": "bluespheres_characters.png", "Rect": "1,58,48,56", "Center": "24,44" },
	// Walk
	"CharacterMiles_walk_0": { "File": "bluespheres_characters.png", "Rect": "50,58,48,56", "Center": "24,44" },
	"CharacterMiles_walk_1": { "File": "bluespheres_characters.png", "Rect": "99,58,48,56", "Center": "24,44" },
	"CharacterMiles_walk_2": { "File": "bluespheres_characters.png", "Rect": "148,58,48,56", "Center": "24,44" },
	"CharacterMiles_walk_3": { "File": "bluespheres_characters.png", "Rect": "197,58,48,56", "Center": "24,44" },
	"CharacterMiles_walk_4": { "File": "bluespheres_characters.png", "Rect": "246,58,48,56", "Center": "24,44" },
	"CharacterMiles_walk_5": { "File": "bluespheres_characters.png", "Rect": "295,58,48,56", "Center": "24,44" },
	"CharacterMiles_walk_6": { "File": "bluespheres_characters.png", "Rect": "344,58,48,56", "Center": "24,44" },
	"CharacterMiles_walk_7": { "File": "bluespheres_characters.png", "Rect": "393,58,48,56", "Center": "24,44" },
	"CharacterMiles_walk_8": { "File": "bluespheres_characters.png", "Rect": "442,58,48,56", "Center": "24,44" },
	"CharacterMiles_walk_9": { "File": "bluespheres_characters.png", "Rect": "491,58,48,56", "Center": "24,44" },
	"CharacterMiles_walk_10": { "File": "bluespheres_characters.png", "Rect": "540,58,48,56", "Center": "24,44" },
	"CharacterMiles_walk_11": { "File": "bluespheres_characters.png", "Rect": "589,58,48,56", "Center": "24,44" },
	"CharacterMiles_walk_12": { "File": "bluespheres_characters.png", "Rect": "638,58,48,56", "Center": "24,44" },
	// Jump
	"CharacterMiles_jump_0": { "File": "bluespheres_characters.png", "Rect": "638,58,48,56", "Center": "24,44" },
	"CharacterMiles_jump_1": { "File": "bluespheres_characters.png", "Rect": "687,58,48,56", "Center": "24,44" },
	"CharacterMiles_jump_2": { "File": "bluespheres_characters.png", "Rect": "736,58,48,56", "Center": "24,44" },
	"CharacterMiles_jump_3": { "File": "bluespheres_characters.png", "Rect": "785,58,48,56", "Center": "24,44" },
	// Tails
	"CharacterMiles_tails_0": { "File": "bluespheres_characters.png", "Rect": "1,115,48,56", "Center": "24,44" },
	"CharacterMiles_tails_1": { "File": "bluespheres_characters.png", "Rect": "50,115,48,56", "Center": "24,44" },
	"CharacterMiles_tails_2": { "File": "bluespheres_characters.png", "Rect": "99,115,48,56", "Center": "24,44" },
	"CharacterMiles_tails_3": { "File": "bluespheres_characters.png", "Rect": "148,115,48,56", "Center": "24,44" },
	"CharacterMiles_tails_4": { "File": "bluespheres_characters.png", "Rect": "197,115,48,56", "Center": "24,44" },
	"CharacterMiles_tails_5": { "File": "bluespheres_characters.png", "Rect": "246,115,48,56", "Center": "24,44" },
	"CharacterMiles_tails_6": { "File": "bluespheres_characters.png", "Rect": "295,115,48,56", "Center": "24,44" },
	"CharacterMiles_tails_7": { "File": "bluespheres_characters.png", "Rect": "344,115,48,56", "Center": "24,44" },
	"CharacterMiles_tails_8": { "File": "bluespheres_characters.png", "Rect": "393,115,48,56", "Center": "24,44" },
	"CharacterMiles_tails_9": { "File": "bluespheres_characters.png", "Rect": "442,115,48,56", "Center": "24,44" },
	"CharacterMiles_tails_10": { "File": "bluespheres_characters.png", "Rect": "491,115,48,56", "Center": "24,44" },
	"CharacterMiles_tails_11": { "File": "bluespheres_characters.png", "Rect": "540,115,48,56", "Center": "24,44" },
	"CharacterMiles_tails_12": { "File": "bluespheres_characters.png", "Rect": "589,115,48,56", "Center": "24,44" },
	"CharacterMiles_tails_13": { "File": "bluespheres_characters.png", "Rect": "638,115,48,56", "Center": "24,44" },
	"CharacterMiles_tails_14": { "File": "bluespheres_characters.png", "Rect": "638,115,48,56", "Center": "24,44" },
	"CharacterMiles_tails_15": { "File": "bluespheres_characters.png", "Rect": "687,115,48,56", "Center": "24,44" },
	"CharacterMiles_tails_16": { "File": "bluespheres_characters.png", "Rect": "736,115,48,56", "Center": "24,44" },
	"CharacterMiles_tails_17": { "File": "bluespheres_characters.png", "Rect": "785,115,48,56", "Center": "24,44" },
	"CharacterMiles_tails_18": { "File": "bluespheres_characters.png", "Rect": "834,115,48,56", "Center": "24,44" },
	"CharacterMiles_tails_19": { "File": "bluespheres_characters.png", "Rect": "883,115,48,56", "Center": "24,44" },
	"CharacterMiles_tails_20": { "File": "bluespheres_characters.png", "Rect": "932,115,48,56", "Center": "24,44" },
	// Knuckles
	"CharacterKnuckles_idle_0": { "File": "bluespheres_characters.png", "Rect": "1,172,48,56", "Center": "24,44" },
	// Walk
	"CharacterKnuckles_walk_0": { "File": "bluespheres_characters.png", "Rect": "50,172,48,56", "Center": "24,44" },
	"CharacterKnuckles_walk_1": { "File": "bluespheres_characters.png", "Rect": "99,172,48,56", "Center": "24,44" },
	"CharacterKnuckles_walk_2": { "File": "bluespheres_characters.png", "Rect": "148,172,48,56", "Center": "24,44" },
	"CharacterKnuckles_walk_3": { "File": "bluespheres_characters.png", "Rect": "197,172,48,56", "Center": "24,44" },
	"CharacterKnuckles_walk_4": { "File": "bluespheres_characters.png", "Rect": "246,172,48,56", "Center": "24,44" },
	"CharacterKnuckles_walk_5": { "File": "bluespheres_characters.png", "Rect": "295,172,48,56", "Center": "24,44" },
	"CharacterKnuckles_walk_6": { "File": "bluespheres_characters.png", "Rect": "344,172,48,56", "Center": "24,44" },
	"CharacterKnuckles_walk_7": { "File": "bluespheres_characters.png", "Rect": "393,172,48,56", "Center": "24,44" },
	"CharacterKnuckles_walk_8": { "File": "bluespheres_characters.png", "Rect": "442,172,48,56", "Center": "24,44" },
	"CharacterKnuckles_walk_9": { "File": "bluespheres_characters.png", "Rect": "491,172,48,56", "Center": "24,44" },
	"CharacterKnuckles_walk_10": { "File": "bluespheres_characters.png", "Rect": "540,172,48,56", "Center": "24,44" },
	"CharacterKnuckles_walk_11": { "File": "bluespheres_characters.png", "Rect": "589,172,48,56", "Center": "24,44" },
	"CharacterKnuckles_walk_12": { "File": "bluespheres_characters.png", "Rect": "638,172,48,56", "Center": "24,44" },
	// Jump
	"CharacterKnuckles_jump_0": { "File": "bluespheres_characters.png", "Rect": "638,172,48,56", "Center": "24,44" },
	"CharacterKnuckles_jump_1": { "File": "bluespheres_characters.png", "Rect": "687,172,48,56", "Center": "24,44" },
	"CharacterKnuckles_jump_2": { "File": "bluespheres_characters.png", "Rect": "736,172,48,56", "Center": "24,44" },
	"CharacterKnuckles_jump_3": { "File": "bluespheres_characters.png", "Rect": "638,172,48,56", "Center": "24,44" },
	"CharacterKnuckles_jump_4": { "File": "bluespheres_characters.png", "Rect": "687,172,48,56", "Center": "24,44" },
	"CharacterKnuckles_jump_5": { "File": "bluespheres_characters.png", "Rect": "785,172,48,56", "Center": "24,44" },
	"CharacterKnuckles_jump_6": { "File": "bluespheres_characters.png", "Rect": "638,172,48,56", "Center": "24,44" },
	"CharacterKnuckles_jump_7": { "File": "bluespheres_characters.png", "Rect": "687,172,48,56", "Center": "24,44" },
	"CharacterKnuckles_jump_8": { "File": "bluespheres_characters.png", "Rect": "834,172,48,56", "Center": "24,44" },
	"CharacterKnuckles_jump_9": { "File": "bluespheres_characters.png", "Rect": "638,172,48,56", "Center": "24,44" },
	"CharacterKnuckles_jump_10": { "File": "bluespheres_characters.png", "Rect": "687,172,48,56", "Center": "24,44" },
	"CharacterKnuckles_jump_11": { "File": "bluespheres_characters.png", "Rect": "883,172,48,56", "Center": "24,44" },
	// Mighty
	"CharacterMighty_idle_0": { "File": "bluespheres_characters.png", "Rect": "1,229,48,56", "Center": "24,44" },
	// Walk
	"CharacterMighty_walk_0": { "File": "bluespheres_characters.png", "Rect": "50,229,48,56", "Center": "24,44" },
	"CharacterMighty_walk_1": { "File": "bluespheres_characters.png", "Rect": "99,229,48,56", "Center": "24,44" },
	"CharacterMighty_walk_2": { "File": "bluespheres_characters.png", "Rect": "148,229,48,56", "Center": "24,44" },
	"CharacterMighty_walk_3": { "File": "bluespheres_characters.png", "Rect": "197,229,48,56", "Center": "24,44" },
	"CharacterMighty_walk_4": { "File": "bluespheres_characters.png", "Rect": "246,229,48,56", "Center": "24,44" },
	"CharacterMighty_walk_5": { "File": "bluespheres_characters.png", "Rect": "295,229,48,56", "Center": "24,44" },
	"CharacterMighty_walk_6": { "File": "bluespheres_characters.png", "Rect": "344,229,48,56", "Center": "24,44" },
	"CharacterMighty_walk_7": { "File": "bluespheres_characters.png", "Rect": "393,229,48,56", "Center": "24,44" },
	"CharacterMighty_walk_8": { "File": "bluespheres_characters.png", "Rect": "442,229,48,56", "Center": "24,44" },
	"CharacterMighty_walk_9": { "File": "bluespheres_characters.png", "Rect": "491,229,48,56", "Center": "24,44" },
	"CharacterMighty_walk_10": { "File": "bluespheres_characters.png", "Rect": "540,229,48,56", "Center": "24,44" },
	"CharacterMighty_walk_11": { "File": "bluespheres_characters.png", "Rect": "589,229,48,56", "Center": "24,44" },
	"CharacterMighty_walk_12": { "File": "bluespheres_characters.png", "Rect": "638,229,48,56", "Center": "24,44" },
	// Jump
	"CharacterMighty_jump_0": { "File": "bluespheres_characters.png", "Rect": "638,229,48,56", "Center": "24,44" },
	"CharacterMighty_jump_1": { "File": "bluespheres_characters.png", "Rect": "687,229,48,56", "Center": "24,44" },
	"CharacterMighty_jump_2": { "File": "bluespheres_characters.png", "Rect": "736,229,48,56", "Center": "24,44" },
	"CharacterMighty_jump_3": { "File": "bluespheres_characters.png", "Rect": "638,229,48,56", "Center": "24,44" },
	"CharacterMighty_jump_4": { "File": "bluespheres_characters.png", "Rect": "687,229,48,56", "Center": "24,44" },
	"CharacterMighty_jump_5": { "File": "bluespheres_characters.png", "Rect": "785,229,48,56", "Center": "24,44" },
	"CharacterMighty_jump_6": { "File": "bluespheres_characters.png", "Rect": "638,229,48,56", "Center": "24,44" },
	"CharacterMighty_jump_7": { "File": "bluespheres_characters.png", "Rect": "687,229,48,56", "Center": "24,44" },
	"CharacterMighty_jump_8": { "File": "bluespheres_characters.png", "Rect": "834,229,48,56", "Center": "24,44" },
	"CharacterMighty_jump_9": { "File": "bluespheres_characters.png", "Rect": "638,229,48,56", "Center": "24,44" },
	"CharacterMighty_jump_10": { "File": "bluespheres_characters.png", "Rect": "687,229,48,56", "Center": "24,44" },
	"CharacterMighty_jump_11": { "File": "bluespheres_characters.png", "Rect": "883,229,48,56", "Center": "24,44" },
	// Ray
	"CharacterRay_idle_0": { "File": "bluespheres_characters.png", "Rect": "1,287,48,56", "Center": "24,44" },
	// Walk
	"CharacterRay_walk_0": { "File": "bluespheres_characters.png", "Rect": "50,287,48,56", "Center": "24,44" },
	"CharacterRay_walk_1": { "File": "bluespheres_characters.png", "Rect": "99,287,48,56", "Center": "24,44" },
	"CharacterRay_walk_2": { "File": "bluespheres_characters.png", "Rect": "148,287,48,56", "Center": "24,44" },
	"CharacterRay_walk_3": { "File": "bluespheres_characters.png", "Rect": "197,287,48,56", "Center": "24,44" },
	"CharacterRay_walk_4": { "File": "bluespheres_characters.png", "Rect": "246,287,48,56", "Center": "24,44" },
	"CharacterRay_walk_5": { "File": "bluespheres_characters.png", "Rect": "295,287,48,56", "Center": "24,44" },
	"CharacterRay_walk_6": { "File": "bluespheres_characters.png", "Rect": "344,287,48,56", "Center": "24,44" },
	"CharacterRay_walk_7": { "File": "bluespheres_characters.png", "Rect": "393,287,48,56", "Center": "24,44" },
	"CharacterRay_walk_8": { "File": "bluespheres_characters.png", "Rect": "442,287,48,56", "Center": "24,44" },
	"CharacterRay_walk_9": { "File": "bluespheres_characters.png", "Rect": "491,287,48,56", "Center": "24,44" },
	"CharacterRay_walk_10": { "File": "bluespheres_characters.png", "Rect": "540,287,48,56", "Center": "24,44" },
	"CharacterRay_walk_11": { "File": "bluespheres_characters.png", "Rect": "589,287,48,56", "Center": "24,44" },
	"CharacterRay_walk_12": { "File": "bluespheres_characters.png", "Rect": "638,287,48,56", "Center": "24,44" },
	// Jump
	"CharacterRay_jump_0": { "File": "bluespheres_characters.png", "Rect": "638,287,48,56", "Center": "24,44" },
	"CharacterRay_jump_1": { "File": "bluespheres_characters.png", "Rect": "687,287,48,56", "Center": "24,44" },
	"CharacterRay_jump_2": { "File": "bluespheres_characters.png", "Rect": "736,287,48,56", "Center": "24,44" },
	"CharacterRay_jump_3": { "File": "bluespheres_characters.png", "Rect": "638,287,48,56", "Center": "24,44" },
	"CharacterRay_jump_4": { "File": "bluespheres_characters.png", "Rect": "687,287,48,56", "Center": "24,44" },
	"CharacterRay_jump_5": { "File": "bluespheres_characters.png", "Rect": "785,287,48,56", "Center": "24,44" },
	"CharacterRay_jump_6": { "File": "bluespheres_characters.png", "Rect": "638,287,48,56", "Center": "24,44" },
	"CharacterRay_jump_7": { "File": "bluespheres_characters.png", "Rect": "687,287,48,56", "Center": "24,44" },
	"CharacterRay_jump_8": { "File": "bluespheres_characters.png", "Rect": "834,287,48,56", "Center": "24,44" },
	"CharacterRay_jump_9": { "File": "bluespheres_characters.png", "Rect": "638,287,48,56", "Center": "24,44" },
	"CharacterRay_jump_10": { "File": "bluespheres_characters.png", "Rect": "687,287,48,56", "Center": "24,44" },
	"CharacterRay_jump_11": { "File": "bluespheres_characters.png", "Rect": "883,287,48,56", "Center": "24,44" },
	// Tail
	"CharacterRay_tail_0": { "File": "bluespheres_characters.png", "Rect": "50,344,48,56", "Center": "24,44" },
	"CharacterRay_tail_1": { "File": "bluespheres_characters.png", "Rect": "99,344,48,56", "Center": "24,44" },
	"CharacterRay_tail_2": { "File": "bluespheres_characters.png", "Rect": "148,344,48,56", "Center": "24,44" },
	"CharacterRay_tail_3": { "File": "bluespheres_characters.png", "Rect": "197,344,48,56", "Center": "24,44" },
	"CharacterRay_tail_4": { "File": "bluespheres_characters.png", "Rect": "246,344,48,56", "Center": "24,44" },
	"CharacterRay_tail_5": { "File": "bluespheres_characters.png", "Rect": "295,344,48,56", "Center": "24,44" },
	"CharacterRay_tail_6": { "File": "bluespheres_characters.png", "Rect": "344,344,48,56", "Center": "24,44" },
	"CharacterRay_tail_7": { "File": "bluespheres_characters.png", "Rect": "393,344,48,56", "Center": "24,44" },
	"CharacterRay_tail_8": { "File": "bluespheres_characters.png", "Rect": "442,344,48,56", "Center": "24,44" },
	"CharacterRay_tail_9": { "File": "bluespheres_characters.png", "Rect": "491,344,48,56", "Center": "24,44" },
	"CharacterRay_tail_10": { "File": "bluespheres_characters.png", "Rect": "540,344,48,56", "Center": "24,44" }
} 