{
	"barend":  { "File": "bar.outline.png", "Rect": "14,0,1,7", "Center": "0,0" },
	"barmid":  { "File": "bar.outline.png", "Rect": "0,0,14,7", "Center": "0,0" },

	"bar.1":  { "File": "bar.fill.png", "Rect": "0,0,14,6", "Center": "0,0" },
	"bar.2":  { "File": "bar.fill.png", "Rect": "14,0,14,6", "Center": "0,0" },
	"bar.3":  { "File": "bar.fill.png", "Rect": "28,0,14,6", "Center": "0,0" },
	"bar.4":  { "File": "bar.fill.png", "Rect": "42,0,14,6", "Center": "0,0" },
	"bar.5":  { "File": "bar.fill.png", "Rect": "56,0,14,6", "Center": "0,0" },
	"bar.6":  { "File": "bar.fill.png", "Rect": "70,0,14,6", "Center": "0,0" },
	"bar.7":  { "File": "bar.fill.png", "Rect": "84,0,14,6", "Center": "0,0" },
	"bar.8":  { "File": "bar.fill.png", "Rect": "98,0,14,6", "Center": "0,0" },
	"bar.9":  { "File": "bar.fill.png", "Rect": "112,0,14,6", "Center": "0,0" },
	"bar.10":  { "File": "bar.fill.png", "Rect": "126,0,14,6", "Center": "0,0" },
	"bar.11":  { "File": "bar.fill.png", "Rect": "140,0,14,6", "Center": "0,0" },
	"bar.12":  { "File": "bar.fill.png", "Rect": "154,0,14,6", "Center": "0,0" },
	"bar.13":  { "File": "bar.fill.png", "Rect": "168,0,14,6", "Center": "0,0" },
	"bar.14":  { "File": "bar.fill.png", "Rect": "182,0,14,6", "Center": "0,0" },
	"bar.15":  { "File": "bar.fill.png", "Rect": "196,0,14,6", "Center": "0,0" },
	"bar.16":  { "File": "bar.fill.png", "Rect": "210,0,14,6", "Center": "0,0" },
	"bar.17":  { "File": "bar.fill.png", "Rect": "224,0,14,6", "Center": "0,0" },
	"bar.18":  { "File": "bar.fill.png", "Rect": "238,0,14,6", "Center": "0,0" },

	"boss":  { "File": "boss.png", "Rect": "0,0,28,7", "Center": "14,4" },

	"boss11":  { "File": "bossnames.png", "Rect": "0,0,138,7", "Center": "0,0" },
	"boss12":  { "File": "bossnames.png", "Rect": "0,8,138,7", "Center": "0,0" },
	"boss21":  { "File": "bossnames.png", "Rect": "0,16,138,7", "Center": "0,0" },
	"boss22":  { "File": "bossnames.png", "Rect": "0,24,138,7", "Center": "0,0" },
	"boss31":  { "File": "bossnames.png", "Rect": "0,32,138,7", "Center": "0,0" },
	"boss32":  { "File": "bossnames.png", "Rect": "0,40,138,7", "Center": "0,0" },
	"boss41":  { "File": "bossnames.png", "Rect": "0,48,138,7", "Center": "0,0" },
	"boss42":  { "File": "bossnames.png", "Rect": "0,56,138,7", "Center": "0,0" },
	"boss51":  { "File": "bossnames.png", "Rect": "0,64,138,7", "Center": "0,0" },
	"boss52":  { "File": "bossnames.png", "Rect": "0,72,138,7", "Center": "0,0" },
	"boss53":  { "File": "bossnames.png", "Rect": "0,80,138,7", "Center": "0,0" },
	"boss61":  { "File": "bossnames.png", "Rect": "0,88,138,7", "Center": "0,0" },
	"boss62":  { "File": "bossnames.png", "Rect": "0,96,138,7", "Center": "0,0" },
	"boss71":  { "File": "bossnames.png", "Rect": "0,104,138,7", "Center": "0,0" },
	"boss72":  { "File": "bossnames.png", "Rect": "0,112,138,7", "Center": "0,0" },
	"boss73":  { "File": "bossnames.png", "Rect": "0,120,138,7", "Center": "0,0" },
	"boss74":  { "File": "bossnames.png", "Rect": "0,128,138,7", "Center": "0,0" },
	"boss81":  { "File": "bossnames.png", "Rect": "0,136,138,7", "Center": "0,0" },
	"boss82":  { "File": "bossnames.png", "Rect": "0,144,138,7", "Center": "0,0" },
	"boss83":  { "File": "bossnames.png", "Rect": "0,272,138,7", "Center": "0,0" },
	"boss91":  { "File": "bossnames.png", "Rect": "0,152,138,7", "Center": "0,0" },
	"boss92":  { "File": "bossnames.png", "Rect": "0,160,138,7", "Center": "0,0" },
	"bossa1":  { "File": "bossnames.png", "Rect": "0,168,138,7", "Center": "0,0" },
	"bossa2":  { "File": "bossnames.png", "Rect": "0,176,138,7", "Center": "0,0" },
	"bossb1":  { "File": "bossnames.png", "Rect": "0,184,138,7", "Center": "0,0" },
	"bossc1":  { "File": "bossnames.png", "Rect": "0,192,138,7", "Center": "0,0" },
	"bossc2":  { "File": "bossnames.png", "Rect": "0,200,138,7", "Center": "0,0" },
	"bossc3":  { "File": "bossnames.png", "Rect": "0,208,138,7", "Center": "0,0" },
	"bossc4":  { "File": "bossnames.png", "Rect": "0,216,138,7", "Center": "0,0" },
	"bossd1":  { "File": "bossnames.png", "Rect": "0,224,138,7", "Center": "0,0" },
	"bossd2":  { "File": "bossnames.png", "Rect": "0,232,138,7", "Center": "0,0" },
	"bossd3":  { "File": "bossnames.png", "Rect": "0,240,138,7", "Center": "0,0" },
	"bossd4":  { "File": "bossnames.png", "Rect": "0,248,138,7", "Center": "0,0" },
	"bossd5":  { "File": "bossnames.png", "Rect": "0,280,138,7", "Center": "0,0" },
	"bosse1":  { "File": "bossnames.png", "Rect": "0,256,138,7", "Center": "0,0" },
	"bosse2":  { "File": "bossnames.png", "Rect": "0,264,138,7", "Center": "0,0" },
	

}