{
	"sonic_dropdash_mania_0":  { "File": "character_sonic_dropdash_mania.bmp", "Rect": "1,1,48,48", "Center": "24,27" },
	"sonic_dropdash_mania_1":  { "File": "character_sonic_dropdash_mania.bmp", "Rect": "50,1,48,48", "Center": "24,27" },
	"sonic_dropdash_mania_2":  { "File": "character_sonic_dropdash_mania.bmp", "Rect": "99,1,48,48", "Center": "24,27" },
	"sonic_dropdash_mania_3":  { "File": "character_sonic_dropdash_mania.bmp", "Rect": "148,1,48,48", "Center": "24,27" },
	"sonic_dropdash_mania_4":  { "File": "character_sonic_dropdash_mania.bmp", "Rect": "197,1,48,48", "Center": "24,27" },
	"sonic_dropdash_mania_5":  { "File": "character_sonic_dropdash_mania.bmp", "Rect": "246,1,48,48", "Center": "24,27" },
	"sonic_dropdash_mania_6":  { "File": "character_sonic_dropdash_mania.bmp", "Rect": "295,1,48,48", "Center": "24,27" },
	"sonic_dropdash_mania_7":  { "File": "character_sonic_dropdash_mania.bmp", "Rect": "344,1,48,48", "Center": "24,27" },
	"sonic_dropdash_mania_8":  { "File": "character_sonic_dropdash_mania.bmp", "Rect": "393,1,48,48", "Center": "24,27" },
	"sonic_dropdash_mania_9":  { "File": "character_sonic_dropdash_mania.bmp", "Rect": "442,1,48,48", "Center": "24,27" },
	"sonic_dropdash_mania_10":  { "File": "character_sonic_dropdash_mania.bmp", "Rect": "491,1,48,48", "Center": "24,27" },
	"sonic_dropdash_mania_11":  { "File": "character_sonic_dropdash_mania.bmp", "Rect": "540,1,48,48", "Center": "24,27" },
	"sonic_dropdash_mania_12":  { "File": "character_sonic_dropdash_mania.bmp", "Rect": "589,1,48,48", "Center": "24,27" },
	"sonic_dropdash_mania_13":  { "File": "character_sonic_dropdash_mania.bmp", "Rect": "638,1,48,48", "Center": "29,25" },
	"sonic_dropdash_mania_14":  { "File": "character_sonic_dropdash_mania.bmp", "Rect": "687,1,48,48", "Center": "24,27" },
	"sonic_dropdash_mania_15":  { "File": "character_sonic_dropdash_mania.bmp", "Rect": "638,1,48,48", "Center": "24,27" }
}