{
	"character_hyperknuckles_standing_0x00":  { "File": "character_superknuckles_standing.bmp", "Rect": "0,41,34,43", "Center": "22,26" },
	"character_hyperknuckles_standing_0x01":  { "File": "character_superknuckles_standing.bmp", "Rect": "35,41,34,43", "Center": "22,27" },
	"character_hyperknuckles_standing_0x02":  { "File": "character_superknuckles_standing.bmp", "Rect": "70,41,34,43", "Center": "22,28" },
	"character_hyperknuckles_standing_0x03":  { "File": "character_superknuckles_standing.bmp", "Rect": "105,41,34,43", "Center": "22,29" },
	"character_hyperknuckles_standing_0x04":  { "File": "character_superknuckles_standing.bmp", "Rect": "140,41,34,43", "Center": "22,28" },
	"character_hyperknuckles_standing_0x05":  { "File": "character_superknuckles_standing.bmp", "Rect": "175,41,34,43", "Center": "22,27" }
}