{
	"character_supertails_standing_0x00":  { "File": "character_supertails.bmp", "Rect": "484,726,24,34", "Center": "12,18" },
	"character_supertails_standing_0x01":  { "File": "character_supertails.bmp", "Rect": "509,726,24,34", "Center": "12,18" },
	"character_supertails_standing_0x02":  { "File": "character_supertails.bmp", "Rect": "534,726,24,34", "Center": "12,18" },
	"character_supertails_standing_0x03":  { "File": "character_supertails.bmp", "Rect": "559,726,24,34", "Center": "12,18" },
	"character_supertails_standing_0x04":  { "File": "character_supertails.bmp", "Rect": "584,726,24,34", "Center": "12,18" },
	"character_supertails_standing_0x05":  { "File": "character_supertails.bmp", "Rect": "609,726,24,34", "Center": "12,18" }
}