{
	"character_supertails_0x05":  { "File": "character_supertails.bmp", "Rect": "5,104,38,32", "Center": "21,16" },
	"character_supertails_0x06":  { "File": "character_supertails.bmp", "Rect": "53,104,38,32", "Center": "21,16" },
	"character_supertails_0x07":  { "File": "character_supertails.bmp", "Rect": "100,104,39,32", "Center": "22,16" },
	"character_supertails_0x08":  { "File": "character_supertails.bmp", "Rect": "148,104,39,32", "Center": "22,16" },
	"character_supertails_0x01":  { "File": "character_supertails.bmp", "Rect": "5,104,38,32", "Center": "21,16" },
	"character_supertails_0x02":  { "File": "character_supertails.bmp", "Rect": "53,104,38,32", "Center": "21,16" },
	"character_supertails_0x03":  { "File": "character_supertails.bmp", "Rect": "100,104,39,32", "Center": "22,16" },
	"character_supertails_0x04":  { "File": "character_supertails.bmp", "Rect": "148,104,39,32", "Center": "22,16" },
	"character_supertails_0x0d":  { "File": "character_supertails.bmp", "Rect": "392,4,34,40", "Center": "16,19" },
	"character_supertails_0x0e":  { "File": "character_supertails.bmp", "Rect": "436,4,40,42", "Center": "13,17" },
	"character_supertails_0x0f":  { "File": "character_supertails.bmp", "Rect": "488,0,32,48", "Center": "16,22" },
	"character_supertails_0x10":  { "File": "character_supertails.bmp", "Rect": "532,4,40,42", "Center": "14,17" },
	"character_supertails_0x09":  { "File": "character_supertails.bmp", "Rect": "584,4,35,40", "Center": "16,18" },
	"character_supertails_0x0a":  { "File": "character_supertails.bmp", "Rect": "628,4,40,42", "Center": "14,18" },
	"character_supertails_0x0b":  { "File": "character_supertails.bmp", "Rect": "680,3,32,43", "Center": "14,18" },
	"character_supertails_0x0c":  { "File": "character_supertails.bmp", "Rect": "724,4,40,42", "Center": "14,18" },
	"character_supertails_0x15":  { "File": "character_supertails.bmp", "Rect": "8,48,32,48", "Center": "18,19" },
	"character_supertails_0x16":  { "File": "character_supertails.bmp", "Rect": "56,50,32,43", "Center": "16,15" },
	"character_supertails_0x17":  { "File": "character_supertails.bmp", "Rect": "104,50,32,43", "Center": "16,12" },
	"character_supertails_0x18":  { "File": "character_supertails.bmp", "Rect": "152,51,32,42", "Center": "16,11" },
	"character_supertails_0x11":  { "File": "character_supertails.bmp", "Rect": "200,48,32,47", "Center": "18,19" },
	"character_supertails_0x12":  { "File": "character_supertails.bmp", "Rect": "248,49,32,44", "Center": "16,16" },
	"character_supertails_0x13":  { "File": "character_supertails.bmp", "Rect": "296,50,32,43", "Center": "16,12" },
	"character_supertails_0x14":  { "File": "character_supertails.bmp", "Rect": "344,53,32,38", "Center": "16,10" },
	"character_supertails_0x1d":  { "File": "character_supertails.bmp", "Rect": "388,56,40,34", "Center": "17,15" },
	"character_supertails_0x1e":  { "File": "character_supertails.bmp", "Rect": "436,52,42,40", "Center": "15,24" },
	"character_supertails_0x1f":  { "File": "character_supertails.bmp", "Rect": "480,56,48,32", "Center": "20,13" },
	"character_supertails_0x20":  { "File": "character_supertails.bmp", "Rect": "532,52,42,40", "Center": "15,21" },
	"character_supertails_0x19":  { "File": "character_supertails.bmp", "Rect": "580,56,40,34", "Center": "16,16" },
	"character_supertails_0x1a":  { "File": "character_supertails.bmp", "Rect": "628,52,42,40", "Center": "16,18" },
	"character_supertails_0x1b":  { "File": "character_supertails.bmp", "Rect": "675,56,43,32", "Center": "17,13" },
	"character_supertails_0x1c":  { "File": "character_supertails.bmp", "Rect": "724,52,42,40", "Center": "16,16" },
	"character_supertails_0x21":  { "File": "character_supertails.bmp", "Rect": "5,104,38,32", "Center": "21,16" },
	"character_supertails_0x22":  { "File": "character_supertails.bmp", "Rect": "53,104,38,32", "Center": "21,16" },
	"character_supertails_0x23":  { "File": "character_supertails.bmp", "Rect": "100,104,39,32", "Center": "22,16" },
	"character_supertails_0x24":  { "File": "character_supertails.bmp", "Rect": "148,104,39,32", "Center": "22,16" },
	"character_supertails_0x25":  { "File": "character_supertails.bmp", "Rect": "199,96,33,48", "Center": "23,19" },
	"character_supertails_0x26":  { "File": "character_supertails.bmp", "Rect": "246,100,36,40", "Center": "26,18" },
	"character_supertails_0x27":  { "File": "character_supertails.bmp", "Rect": "300,100,25,40", "Center": "15,19" },
	"character_supertails_0x28":  { "File": "character_supertails.bmp", "Rect": "341,98,31,43", "Center": "21,18" },
	"character_supertails_0x29":  { "File": "character_supertails.bmp", "Rect": "392,101,32,38", "Center": "16,14" },
	"character_supertails_0x2a":  { "File": "character_supertails.bmp", "Rect": "440,101,32,38", "Center": "16,14" },
	"character_supertails_0x2b":  { "File": "character_supertails.bmp", "Rect": "488,101,32,39", "Center": "16,14" },
	"character_supertails_0x2c":  { "File": "character_supertails.bmp", "Rect": "536,101,32,39", "Center": "16,14" },
	"character_supertails_0x2e":  { "File": "character_supertails.bmp", "Rect": "578,106,45,33", "Center": "18,6" },
	"character_supertails_0x2d":  { "File": "character_supertails.bmp", "Rect": "628,105,44,33", "Center": "17,6" },
	"character_supertails_0x30":  { "File": "character_supertails.bmp", "Rect": "676,108,42,31", "Center": "18,6" },
	"character_supertails_0x2f":  { "File": "character_supertails.bmp", "Rect": "724,108,40,28", "Center": "17,6" },
	"character_supertails_0x31":  { "File": "character_supertails.bmp", "Rect": "10,152,28,32", "Center": "17,16" },
	"character_supertails_0x32":  { "File": "character_supertails.bmp", "Rect": "60,148,25,40", "Center": "15,21" },
	"character_supertails_0x33":  { "File": "character_supertails.bmp", "Rect": "108,152,24,32", "Center": "13,19" },
	"character_supertails_0x34":  { "File": "character_supertails.bmp", "Rect": "155,156,25,24", "Center": "13,8" },
	"character_supertails_0x35":  { "File": "character_supertails.bmp", "Rect": "202,151,27,33", "Center": "15,14" },
	"character_supertails_0x36":  { "File": "character_supertails.bmp", "Rect": "250,152,27,33", "Center": "16,17" },
	"character_supertails_0x37":  { "File": "character_supertails.bmp", "Rect": "297,152,27,34", "Center": "17,14" },
	"character_supertails_0x38":  { "File": "character_supertails.bmp", "Rect": "342,152,30,33", "Center": "17,16" },
	"character_supertails_0x39":  { "File": "character_supertails.bmp", "Rect": "393,152,27,33", "Center": "14,18" },
	"character_supertails_0x3a":  { "File": "character_supertails.bmp", "Rect": "444,156,24,24", "Center": "15,12" },
	"character_supertails_0x3b":  { "File": "character_supertails.bmp", "Rect": "491,150,25,34", "Center": "16,14" },
	"character_supertails_0x3c":  { "File": "character_supertails.bmp", "Rect": "536,152,28,32", "Center": "16,15" },
	"character_supertails_0x3d":  { "File": "character_supertails.bmp", "Rect": "588,152,24,33", "Center": "14,15" },
	"character_supertails_0x3e":  { "File": "character_supertails.bmp", "Rect": "636,152,27,36", "Center": "15,19" },
	"character_supertails_0x3f":  { "File": "character_supertails.bmp", "Rect": "684,156,24,24", "Center": "13,13" },
	"character_supertails_0x40":  { "File": "character_supertails.bmp", "Rect": "732,152,24,32", "Center": "14,18" },
	"character_supertails_0x41":  { "File": "character_supertails.bmp", "Rect": "12,200,24,32", "Center": "13,16" },
	"character_supertails_0x42":  { "File": "character_supertails.bmp", "Rect": "60,200,24,32", "Center": "12,15" },
	"character_supertails_0x43":  { "File": "character_supertails.bmp", "Rect": "104,200,28,32", "Center": "12,16" },
	"character_supertails_0x44":  { "File": "character_supertails.bmp", "Rect": "156,200,24,33", "Center": "13,20" },
	"character_supertails_0x45":  { "File": "character_supertails.bmp", "Rect": "204,204,24,24", "Center": "14,12" },
	"character_supertails_0x46":  { "File": "character_supertails.bmp", "Rect": "252,204,28,24", "Center": "17,14" },
	"character_supertails_0x47":  { "File": "character_supertails.bmp", "Rect": "298,200,26,32", "Center": "13,19" },
	"character_supertails_0x48":  { "File": "character_supertails.bmp", "Rect": "348,199,25,33", "Center": "15,18" },
	"character_supertails_0x49":  { "File": "character_supertails.bmp", "Rect": "388,200,40,29", "Center": "19,18" },
	"character_supertails_0x4a":  { "File": "character_supertails.bmp", "Rect": "438,202,34,28", "Center": "18,16" },
	"character_supertails_0x4b":  { "File": "character_supertails.bmp", "Rect": "488,204,32,27", "Center": "17,14" },
	"character_supertails_0x4c":  { "File": "character_supertails.bmp", "Rect": "540,200,24,32", "Center": "12,16" },
	"character_supertails_0x4d":  { "File": "character_supertails.bmp", "Rect": "586,200,26,32", "Center": "14,16" },
	"character_supertails_0x4e":  { "File": "character_supertails.bmp", "Rect": "632,196,32,40", "Center": "16,22" },
	"character_supertails_0x4f":  { "File": "character_supertails.bmp", "Rect": "680,196,32,40", "Center": "17,18" },
	"character_supertails_0x50":  { "File": "character_supertails.bmp", "Rect": "728,196,32,40", "Center": "15,21" },
	"character_supertails_0x51":  { "File": "character_supertails.bmp", "Rect": "12,248,26,32", "Center": "14,17" },
	"character_supertails_0x52":  { "File": "character_supertails.bmp", "Rect": "56,252,32,24", "Center": "16,12" },
	"character_supertails_0x53":  { "File": "character_supertails.bmp", "Rect": "104,249,32,27", "Center": "16,15" },
	"character_supertails_0x54":  { "File": "character_supertails.bmp", "Rect": "150,249,35,30", "Center": "18,16" },
	"character_supertails_0x55":  { "File": "character_supertails.bmp", "Rect": "194,248,38,32", "Center": "22,16" },
	"character_supertails_0x56":  { "File": "character_supertails.bmp", "Rect": "245,248,31,32", "Center": "20,16" },
	"character_supertails_0x57":  { "File": "character_supertails.bmp", "Rect": "294,248,30,32", "Center": "15,16" },
	"character_supertails_0x58":  { "File": "character_supertails.bmp", "Rect": "348,248,24,32", "Center": "13,16" },
	"character_supertails_0x59":  { "File": "character_supertails.bmp", "Rect": "396,248,32,32", "Center": "14,16" },
	"character_supertails_0x5a":  { "File": "character_supertails.bmp", "Rect": "444,248,24,32", "Center": "9,16" },
	"character_supertails_0x5b":  { "File": "character_supertails.bmp", "Rect": "492,248,24,32", "Center": "12,16" },
	"character_supertails_0x5c":  { "File": "character_supertails.bmp", "Rect": "528,252,48,24", "Center": "20,13" },
	"character_supertails_0x5d":  { "File": "character_supertails.bmp", "Rect": "584,249,41,28", "Center": "4,15" },
	"character_supertails_0x5e":  { "File": "character_supertails.bmp", "Rect": "628,252,40,24", "Center": "30,13" },
	"character_supertails_0x5f":  { "File": "character_supertails.bmp", "Rect": "672,251,48,26", "Center": "27,14" },
	"character_supertails_0x60":  { "File": "character_supertails.bmp", "Rect": "722,252,45,24", "Center": "22,12" },
	"character_supertails_0x61":  { "File": "character_supertails.bmp", "Rect": "8,300,37,24", "Center": "30,12" },
	"character_supertails_0x62":  { "File": "character_supertails.bmp", "Rect": "528,252,48,24", "Center": "20,13" },
	"character_supertails_0x63":  { "File": "character_supertails.bmp", "Rect": "108,288,24,48", "Center": "12,24" },
	"character_supertails_0x64":  { "File": "character_supertails.bmp", "Rect": "155,296,28,41", "Center": "14,15" },
	"character_supertails_0x65":  { "File": "character_supertails.bmp", "Rect": "204,292,24,40", "Center": "12,21" },
	"character_supertails_0x66":  { "File": "character_supertails.bmp", "Rect": "251,288,26,48", "Center": "14,24" },
	"character_supertails_0x67":  { "File": "character_supertails.bmp", "Rect": "300,284,24,45", "Center": "13,27" },
	"character_supertails_0x68":  { "File": "character_supertails.bmp", "Rect": "348,296,24,37", "Center": "13,16" },
	"character_supertails_0x69":  { "File": "character_supertails.bmp", "Rect": "10,152,28,32", "Center": "17,16" },
	"character_supertails_0x6a":  { "File": "character_supertails.bmp", "Rect": "60,148,25,40", "Center": "15,21" },
	"character_supertails_0x6b":  { "File": "character_supertails.bmp", "Rect": "108,152,24,32", "Center": "13,19" },
	"character_supertails_0x6d":  { "File": "character_supertails.bmp", "Rect": "534,300,34,30", "Center": "20,15" },
	"character_supertails_0x6e":  { "File": "character_supertails.bmp", "Rect": "584,300,33,30", "Center": "17,15" },
	"character_supertails_0x6f":  { "File": "character_supertails.bmp", "Rect": "632,300,32,24", "Center": "15,10" },
	"character_supertails_0x70":  { "File": "character_supertails.bmp", "Rect": "684,300,24,24", "Center": "12,11" },
	"character_supertails_0x71":  { "File": "character_supertails.bmp", "Rect": "728,300,34,25", "Center": "20,11" },
	"character_supertails_0x72":  { "File": "character_supertails.bmp", "Rect": "8,344,32,28", "Center": "17,14" },
	"character_supertails_0x73":  { "File": "character_supertails.bmp", "Rect": "56,346,33,28", "Center": "17,13" },
	"character_supertails_0x74":  { "File": "character_supertails.bmp", "Rect": "100,347,40,25", "Center": "19,12" },
	"character_supertails_0x75":  { "File": "character_supertails.bmp", "Rect": "152,348,32,24", "Center": "13,12" },
	"character_supertails_0x76":  { "File": "character_supertails.bmp", "Rect": "204,348,24,24", "Center": "16,11" },
	"character_supertails_0x77":  { "File": "character_supertails.bmp", "Rect": "248,347,32,27", "Center": "13,14" },
	"character_supertails_0x6c":  { "File": "character_supertails.bmp", "Rect": "296,348,33,27", "Center": "17,13" },
	"character_supertails_0x78":  { "File": "character_supertails.bmp", "Rect": "334,340,42,40", "Center": "25,27" },
	"character_supertails_0x79":  { "File": "character_supertails.bmp", "Rect": "388,340,40,40", "Center": "28,24" },
	"character_supertails_0x7a":  { "File": "character_supertails.bmp", "Rect": "436,344,40,42", "Center": "28,16" },
	"character_supertails_0x7b":  { "File": "character_supertails.bmp", "Rect": "484,340,40,40", "Center": "26,10" },
	"character_supertails_0x7c":  { "File": "character_supertails.bmp", "Rect": "536,340,42,40", "Center": "18,6" },
	"character_supertails_0x7d":  { "File": "character_supertails.bmp", "Rect": "580,340,40,40", "Center": "11,11" },
	"character_supertails_0x7e":  { "File": "character_supertails.bmp", "Rect": "628,344,40,42", "Center": "7,23" },
	"character_supertails_0x7f":  { "File": "character_supertails.bmp", "Rect": "676,340,40,40", "Center": "12,26" },
	"character_supertails_0x80":  { "File": "character_supertails.bmp", "Rect": "720,340,40,40", "Center": "28,24" },
	"character_supertails_0x81":  { "File": "character_supertails.bmp", "Rect": "4,384,40,48", "Center": "29,24" },
	"character_supertails_0x82":  { "File": "character_supertails.bmp", "Rect": "52,384,40,48", "Center": "29,24" },
	"character_supertails_0x83":  { "File": "character_supertails.bmp", "Rect": "96,388,44,40", "Center": "27,24" },
	"character_supertails_0x84":  { "File": "character_supertails.bmp", "Rect": "148,384,40,48", "Center": "29,24" },
	"character_supertails_0x85":  { "File": "character_supertails.bmp", "Rect": "193,384,39,48", "Center": "31,24" },
	"character_supertails_0x86":  { "File": "character_supertails.bmp", "Rect": "248,395,32,25", "Center": "8,9" },
	"character_supertails_0x87":  { "File": "character_supertails.bmp", "Rect": "296,394,32,26", "Center": "8,10" },
	"character_supertails_0x88":  { "File": "character_supertails.bmp", "Rect": "344,395,32,25", "Center": "8,9" },
	"character_supertails_0x89":  { "File": "character_supertails.bmp", "Rect": "387,390,37,34", "Center": "21,18" },
	"character_supertails_0x8a":  { "File": "character_supertails.bmp", "Rect": "437,392,35,32", "Center": "19,16" },
	"character_supertails_0x8b":  { "File": "character_supertails.bmp", "Rect": "492,384,24,48", "Center": "15,23" },
	"character_supertails_0x8c":  { "File": "character_supertails.bmp", "Rect": "540,384,24,48", "Center": "15,23" },
	"character_supertails_0x8d":  { "File": "character_supertails.bmp", "Rect": "582,392,34,36", "Center": "21,23" },
	"character_supertails_0x8e":  { "File": "character_supertails.bmp", "Rect": "631,392,33,32", "Center": "11,16" },
	"character_supertails_0x8f":  { "File": "character_supertails.bmp", "Rect": "679,392,33,32", "Center": "11,16" },
	"character_supertails_0x90":  { "File": "character_supertails.bmp", "Rect": "732,389,29,39", "Center": "11,25" },
	"character_supertails_0x91":  { "File": "character_supertails.bmp", "Rect": "8,440,32,33", "Center": "11,25" },
	"character_supertails_0x92":  { "File": "character_supertails.bmp", "Rect": "56,440,32,32", "Center": "11,25" },
	"character_supertails_0x93":  { "File": "character_supertails.bmp", "Rect": "108,444,23,34", "Center": "11,25" },
	"character_supertails_0x94":  { "File": "character_supertails.bmp", "Rect": "150,433,34,48", "Center": "17,24" },
	"character_supertails_0x95":  { "File": "character_supertails.bmp", "Rect": "203,434,25,48", "Center": "12,24" },
	"character_supertails_0x98":  { "File": "character_supertails.bmp", "Rect": "248,440,32,32", "Center": "16,16" },
	"character_supertails_0x97":  { "File": "character_supertails.bmp", "Rect": "296,440,32,32", "Center": "16,16" },
	"character_supertails_0x96":  { "File": "character_supertails.bmp", "Rect": "344,440,32,32", "Center": "16,16" },
	"character_supertails_0x99":  { "File": "character_supertails.bmp", "Rect": "396,442,31,26", "Center": "12,10" },
	"character_supertails_0x9a":  { "File": "character_supertails.bmp", "Rect": "436,439,40,33", "Center": "30,17" },
	"character_supertails_0xd2":  { "File": "character_supertails.bmp", "Rect": "482,439,38,33", "Center": "25,17" },
	"character_supertails_0x9b":  { "File": "character_supertails.bmp", "Rect": "54,632,36,36", "Center": "27,17" },
	"character_supertails_0xd3":  { "File": "character_supertails.bmp", "Rect": "104,628,35,40", "Center": "24,21" },
	"character_supertails_0x9c":  { "File": "character_supertails.bmp", "Rect": "536,440,33,33", "Center": "15,16" },
	"character_supertails_0x9d":  { "File": "character_supertails.bmp", "Rect": "580,440,46,32", "Center": "26,18" },
	"character_supertails_0x9e":  { "File": "character_supertails.bmp", "Rect": "628,440,44,32", "Center": "26,18" },
	"character_supertails_0x9f":  { "File": "character_supertails.bmp", "Rect": "680,439,33,33", "Center": "18,16" },
	"character_supertails_0xa0":  { "File": "character_supertails.bmp", "Rect": "728,440,35,33", "Center": "25,15" },
	"character_supertails_0xa1":  { "File": "character_supertails.bmp", "Rect": "8,488,32,34", "Center": "19,16" },
	"character_supertails_0xa2":  { "File": "character_supertails.bmp", "Rect": "56,488,32,34", "Center": "19,16" },
	"character_supertails_0xa3":  { "File": "character_supertails.bmp", "Rect": "104,488,32,35", "Center": "17,15" },
	"character_supertails_0xa4":  { "File": "character_supertails.bmp", "Rect": "152,488,32,35", "Center": "17,15" },
	"character_supertails_0xa5":  { "File": "character_supertails.bmp", "Rect": "198,487,31,33", "Center": "19,17" },
	"character_supertails_0xa6":  { "File": "character_supertails.bmp", "Rect": "244,484,40,40", "Center": "23,24" },
	"character_supertails_0xa7":  { "File": "character_supertails.bmp", "Rect": "296,484,32,46", "Center": "14,19" },
	"character_supertails_0xa8":  { "File": "character_supertails.bmp", "Rect": "344,484,32,44", "Center": "14,19" },
	"character_supertails_0xa9":  { "File": "character_supertails.bmp", "Rect": "392,488,32,32", "Center": "17,16" },
	"character_supertails_0xaa":  { "File": "character_supertails.bmp", "Rect": "444,488,24,32", "Center": "9,16" },
	"character_supertails_0xab":  { "File": "character_supertails.bmp", "Rect": "492,488,24,32", "Center": "9,16" },
	"character_supertails_0xac":  { "File": "character_supertails.bmp", "Rect": "537,488,27,32", "Center": "12,16" },
	"character_supertails_0xad":  { "File": "character_supertails.bmp", "Rect": "588,488,24,32", "Center": "13,16" },
	"character_supertails_0xae":  { "File": "character_supertails.bmp", "Rect": "636,488,24,32", "Center": "13,16" },
	"character_supertails_0xaf":  { "File": "character_supertails.bmp", "Rect": "684,488,24,32", "Center": "13,16" },
	"character_supertails_0xb0":  { "File": "character_supertails.bmp", "Rect": "732,487,26,37", "Center": "14,21" },
	"character_supertails_0xb1":  { "File": "character_supertails.bmp", "Rect": "12,536,24,32", "Center": "12,16" },
	"character_supertails_0xd4":  { "File": "character_supertails.bmp", "Rect": "158,634,22,31", "Center": "10,15" },
	"character_supertails_0xb2":  { "File": "character_supertails.bmp", "Rect": "60,536,24,32", "Center": "12,16" },
	"character_supertails_0xb3":  { "File": "character_supertails.bmp", "Rect": "108,536,24,32", "Center": "12,16" },
	"character_supertails_0xb4":  { "File": "character_supertails.bmp", "Rect": "156,536,24,32", "Center": "12,16" },
	"character_supertails_0xd5":  { "File": "character_supertails.bmp", "Rect": "205,634,22,31", "Center": "9,15" },
	"character_supertails_0xd6":  { "File": "character_supertails.bmp", "Rect": "254,637,22,28", "Center": "8,12" },
	"character_supertails_0xd7":  { "File": "character_supertails.bmp", "Rect": "297,632,30,33", "Center": "14,17" },
	"character_supertails_0xd8":  { "File": "character_supertails.bmp", "Rect": "349,635,22,30", "Center": "10,14" },
	"character_supertails_0xb5":  { "File": "character_supertails.bmp", "Rect": "192,540,48,24", "Center": "20,10" },
	"character_supertails_0xb6":  { "File": "character_supertails.bmp", "Rect": "243,540,41,24", "Center": "16,12" },
	"character_supertails_0xb7":  { "File": "character_supertails.bmp", "Rect": "292,540,36,24", "Center": "20,10" },
	"character_supertails_0xb8":  { "File": "character_supertails.bmp", "Rect": "340,540,40,24", "Center": "25,12" },
	"character_supertails_0xb9":  { "File": "character_supertails.bmp", "Rect": "384,540,48,24", "Center": "29,10" },
	"character_supertails_0xba":  { "File": "character_supertails.bmp", "Rect": "436,540,44,24", "Center": "26,10" },
	"character_supertails_0xbb":  { "File": "character_supertails.bmp", "Rect": "487,540,36,24", "Center": "16,10" },
	"character_supertails_0xbc":  { "File": "character_supertails.bmp", "Rect": "531,540,41,25", "Center": "15,10" },
	"character_supertails_0xbd":  { "File": "character_supertails.bmp", "Rect": "580,536,41,32", "Center": "28,15" },
	"character_supertails_0xbe":  { "File": "character_supertails.bmp", "Rect": "628,536,41,32", "Center": "28,15" },
	"character_supertails_0xbf":  { "File": "character_supertails.bmp", "Rect": "676,536,40,33", "Center": "26,17" },
	"character_supertails_0xc0":  { "File": "character_supertails.bmp", "Rect": "724,536,41,32", "Center": "26,15" },
	"character_supertails_0xc1":  { "File": "character_supertails.bmp", "Rect": "4,584,43,32", "Center": "30,17" },
	"character_supertails_0xc2":  { "File": "character_supertails.bmp", "Rect": "52,578,40,39", "Center": "22,28" },
	"character_supertails_0xc3":  { "File": "character_supertails.bmp", "Rect": "99,584,39,32", "Center": "22,16" },
	"character_supertails_0xc4":  { "File": "character_supertails.bmp", "Rect": "146,584,40,32", "Center": "23,16" },
	"character_supertails_0xc5":  { "File": "character_supertails.bmp", "Rect": "200,580,31,42", "Center": "20,19" },
	"character_supertails_0xc6":  { "File": "character_supertails.bmp", "Rect": "248,580,31,43", "Center": "21,19" },
	"character_supertails_0xc7":  { "File": "character_supertails.bmp", "Rect": "296,581,32,38", "Center": "15,13" },
	"character_supertails_0xc8":  { "File": "character_supertails.bmp", "Rect": "344,581,32,39", "Center": "15,13" },
	"character_supertails_0xc9":  { "File": "character_supertails.bmp", "Rect": "388,584,40,31", "Center": "18,6" },
	"character_supertails_0xca":  { "File": "character_supertails.bmp", "Rect": "436,584,43,31", "Center": "18,6" },
	"character_supertails_0xcb":  { "File": "character_supertails.bmp", "Rect": "483,582,37,34", "Center": "21,10" },
	"character_supertails_0xcc":  { "File": "character_supertails.bmp", "Rect": "533,584,35,32", "Center": "19,8" },
	"character_supertails_0xcd":  { "File": "character_supertails.bmp", "Rect": "580,579,40,37", "Center": "22,27" },
	"character_supertails_0xce":  { "File": "character_supertails.bmp", "Rect": "628,577,40,39", "Center": "22,28" },
	"character_supertails_0xcf":  { "File": "character_supertails.bmp", "Rect": "684,580,33,40", "Center": "21,28" },
	"character_supertails_0xd0":  { "File": "character_supertails.bmp", "Rect": "732,580,30,40", "Center": "19,27" },
	"character_supertails_0xd1":  { "File": "character_supertails.bmp", "Rect": "7,632,33,34", "Center": "15,17" },
	"character_supertails_0xd9":  { "File": "character_supertails.bmp", "Rect": "392,628,32,40", "Center": "16,20" },
	"character_supertails_0xda":  { "File": "character_supertails.bmp", "Rect": "440,628,32,40", "Center": "16,20" },
	"character_supertails_0xdb":  { "File": "character_supertails.bmp", "Rect": "488,628,32,40", "Center": "16,20" },
	"character_supertails_0xdc":  { "File": "character_supertails.bmp", "Rect": "536,628,32,40", "Center": "16,20" },
	"character_supertails_0xdd":  { "File": "character_supertails.bmp", "Rect": "584,628,32,40", "Center": "16,20" },
	"character_supertails_0xde":  { "File": "character_supertails.bmp", "Rect": "632,628,32,40", "Center": "16,20" },
	"character_supertails_0xdf":  { "File": "character_supertails.bmp", "Rect": "680,628,32,40", "Center": "21,24" },
	"character_supertails_0xe0":  { "File": "character_supertails.bmp", "Rect": "732,632,26,32", "Center": "11,18" },
	"character_supertails_0xe1":  { "File": "character_supertails.bmp", "Rect": "12,676,30,40", "Center": "9,20" },
	"character_supertails_0xe2":  { "File": "character_supertails.bmp", "Rect": "60,676,31,40", "Center": "13,21" },
	"character_supertails_0xe3":  { "File": "character_supertails.bmp", "Rect": "104,676,32,40", "Center": "14,21" },
	"character_supertails_0xe4":  { "File": "character_supertails.bmp", "Rect": "152,676,32,48", "Center": "18,24" },
	"character_supertails_0xe5":  { "File": "character_supertails.bmp", "Rect": "200,676,32,45", "Center": "18,24" },
	"character_supertails_0xe6":  { "File": "character_supertails.bmp", "Rect": "252,676,28,45", "Center": "19,24" },
	"character_supertails_0xe7":  { "File": "character_supertails.bmp", "Rect": "300,676,24,48", "Center": "11,24" },
	"character_supertails_0xe8":  { "File": "character_supertails.bmp", "Rect": "348,676,31,42", "Center": "9,22" },
	"character_supertails_0xe9":  { "File": "character_supertails.bmp", "Rect": "396,676,28,43", "Center": "10,23" },
	"character_supertails_0xea":  { "File": "character_supertails.bmp", "Rect": "444,676,25,47", "Center": "12,24" },
	"character_supertails_0xeb":  { "File": "character_supertails.bmp", "Rect": "489,684,30,27", "Center": "17,6" },
	"character_supertails_0xec":  { "File": "character_supertails.bmp", "Rect": "532,673,36,43", "Center": "17,24" },
	"character_supertails_0xed":  { "File": "character_supertails.bmp", "Rect": "580,673,36,43", "Center": "17,24" },
	"character_supertails_0xee":  { "File": "character_supertails.bmp", "Rect": "628,673,36,43", "Center": "17,24" },
	"character_supertails_0xef":  { "File": "character_supertails.bmp", "Rect": "680,680,32,32", "Center": "15,16" },
	"character_supertails_0xf0":  { "File": "character_supertails.bmp", "Rect": "728,680,32,32", "Center": "17,16" },
	"character_supertails_0xf1":  { "File": "character_supertails.bmp", "Rect": "8,728,32,32", "Center": "18,16" },
	"character_supertails_0xf2":  { "File": "character_supertails.bmp", "Rect": "56,728,32,32", "Center": "16,16" },
	"character_supertails_0xf3":  { "File": "character_supertails.bmp", "Rect": "104,728,32,32", "Center": "14,16" },
	"character_supertails_0xf4":  { "File": "character_supertails.bmp", "Rect": "152,728,32,32", "Center": "15,16" },
	"character_supertails_0xf5":  { "File": "character_supertails.bmp", "Rect": "200,728,32,32", "Center": "17,16" },
	"character_supertails_0xf6":  { "File": "character_supertails.bmp", "Rect": "248,728,32,32", "Center": "16,16" },
	"character_supertails_0xf7":  { "File": "character_supertails.bmp", "Rect": "296,728,32,32", "Center": "15,16" },
	"character_supertails_0xf8":  { "File": "character_supertails.bmp", "Rect": "344,728,32,32", "Center": "16,16" },
	"character_supertails_0xf9":  { "File": "character_supertails.bmp", "Rect": "392,728,32,32", "Center": "17,16" },
	"character_supertails_0xfa":  { "File": "character_supertails.bmp", "Rect": "440,728,32,32", "Center": "16,16" }
}