{
	"character_superknuckles_0x05":  { "File": "character_superknuckles.bmp", "Rect": "8,8,40,40", "Center": "22,23" },
	"character_superknuckles_0x06":  { "File": "character_superknuckles.bmp", "Rect": "64,8,40,40", "Center": "24,23" },
	"character_superknuckles_0x07":  { "File": "character_superknuckles.bmp", "Rect": "124,8,32,40", "Center": "19,20" },
	"character_superknuckles_0x08":  { "File": "character_superknuckles.bmp", "Rect": "180,8,32,40", "Center": "20,20" },
	"character_superknuckles_0x01":  { "File": "character_superknuckles.bmp", "Rect": "232,8,40,40", "Center": "23,20" },
	"character_superknuckles_0x02":  { "File": "character_superknuckles.bmp", "Rect": "288,8,40,40", "Center": "22,23" },
	"character_superknuckles_0x03":  { "File": "character_superknuckles.bmp", "Rect": "348,8,32,40", "Center": "17,20" },
	"character_superknuckles_0x04":  { "File": "character_superknuckles.bmp", "Rect": "400,8,40,40", "Center": "23,20" },
	"character_superknuckles_0x0d":  { "File": "character_superknuckles.bmp", "Rect": "460,4,36,48", "Center": "17,16" },
	"character_superknuckles_0x0e":  { "File": "character_superknuckles.bmp", "Rect": "512,8,40,40", "Center": "18,16" },
	"character_superknuckles_0x0f":  { "File": "character_superknuckles.bmp", "Rect": "567,8,37,40", "Center": "16,16" },
	"character_superknuckles_0x10":  { "File": "character_superknuckles.bmp", "Rect": "625,8,35,40", "Center": "14,16" },
	"character_superknuckles_0x09":  { "File": "character_superknuckles.bmp", "Rect": "683,4,33,48", "Center": "16,18" },
	"character_superknuckles_0x0a":  { "File": "character_superknuckles.bmp", "Rect": "736,7,35,40", "Center": "16,16" },
	"character_superknuckles_0x0b":  { "File": "character_superknuckles.bmp", "Rect": "792,7,34,40", "Center": "15,15" },
	"character_superknuckles_0x0c":  { "File": "character_superknuckles.bmp", "Rect": "851,8,34,40", "Center": "14,17" },
	"character_superknuckles_0x15":  { "File": "character_superknuckles.bmp", "Rect": "8,64,40,40", "Center": "23,19" },
	"character_superknuckles_0x16":  { "File": "character_superknuckles.bmp", "Rect": "64,64,40,40", "Center": "23,17" },
	"character_superknuckles_0x17":  { "File": "character_superknuckles.bmp", "Rect": "120,68,40,32", "Center": "20,14" },
	"character_superknuckles_0x18":  { "File": "character_superknuckles.bmp", "Rect": "176,68,40,32", "Center": "20,13" },
	"character_superknuckles_0x11":  { "File": "character_superknuckles.bmp", "Rect": "232,64,40,40", "Center": "20,18" },
	"character_superknuckles_0x12":  { "File": "character_superknuckles.bmp", "Rect": "288,64,40,40", "Center": "23,19" },
	"character_superknuckles_0x13":  { "File": "character_superknuckles.bmp", "Rect": "344,68,40,32", "Center": "20,16" },
	"character_superknuckles_0x14":  { "File": "character_superknuckles.bmp", "Rect": "400,64,40,40", "Center": "20,18" },
	"character_superknuckles_0x1d":  { "File": "character_superknuckles.bmp", "Rect": "452,64,48,36", "Center": "14,16" },
	"character_superknuckles_0x1e":  { "File": "character_superknuckles.bmp", "Rect": "512,64,40,40", "Center": "14,19" },
	"character_superknuckles_0x1f":  { "File": "character_superknuckles.bmp", "Rect": "568,68,40,37", "Center": "15,18" },
	"character_superknuckles_0x20":  { "File": "character_superknuckles.bmp", "Rect": "624,68,40,35", "Center": "14,18" },
	"character_superknuckles_0x19":  { "File": "character_superknuckles.bmp", "Rect": "676,68,48,33", "Center": "16,14" },
	"character_superknuckles_0x1a":  { "File": "character_superknuckles.bmp", "Rect": "735,68,41,36", "Center": "14,16" },
	"character_superknuckles_0x1b":  { "File": "character_superknuckles.bmp", "Rect": "791,68,41,36", "Center": "13,18" },
	"character_superknuckles_0x1c":  { "File": "character_superknuckles.bmp", "Rect": "848,67,40,34", "Center": "15,17" },
	"character_superknuckles_0x21":  { "File": "character_superknuckles.bmp", "Rect": "12,125,39,30", "Center": "19,15" },
	"character_superknuckles_0x22":  { "File": "character_superknuckles.bmp", "Rect": "67,125,39,30", "Center": "19,15" },
	"character_superknuckles_0x23":  { "File": "character_superknuckles.bmp", "Rect": "124,125,39,30", "Center": "19,15" },
	"character_superknuckles_0x24":  { "File": "character_superknuckles.bmp", "Rect": "179,125,39,30", "Center": "19,15" },
	"character_superknuckles_0x25":  { "File": "character_superknuckles.bmp", "Rect": "232,120,40,40", "Center": "16,16" },
	"character_superknuckles_0x26":  { "File": "character_superknuckles.bmp", "Rect": "288,120,43,41", "Center": "21,16" },
	"character_superknuckles_0x27":  { "File": "character_superknuckles.bmp", "Rect": "348,120,36,40", "Center": "15,15" },
	"character_superknuckles_0x28":  { "File": "character_superknuckles.bmp", "Rect": "400,120,42,41", "Center": "21,16" },
	"character_superknuckles_0x29":  { "File": "character_superknuckles.bmp", "Rect": "456,123,40,33", "Center": "20,14" },
	"character_superknuckles_0x2a":  { "File": "character_superknuckles.bmp", "Rect": "512,123,40,34", "Center": "19,14" },
	"character_superknuckles_0x2b":  { "File": "character_superknuckles.bmp", "Rect": "568,123,40,33", "Center": "20,14" },
	"character_superknuckles_0x2c":  { "File": "character_superknuckles.bmp", "Rect": "624,123,40,34", "Center": "19,14" },
	"character_superknuckles_0x2d":  { "File": "character_superknuckles.bmp", "Rect": "680,120,40,40", "Center": "19,24" },
	"character_superknuckles_0x2e":  { "File": "character_superknuckles.bmp", "Rect": "736,117,41,43", "Center": "19,22" },
	"character_superknuckles_0x2f":  { "File": "character_superknuckles.bmp", "Rect": "792,120,40,33", "Center": "18,21" },
	"character_superknuckles_0x30":  { "File": "character_superknuckles.bmp", "Rect": "848,118,41,42", "Center": "19,21" },
	"character_superknuckles_0x31":  { "File": "character_superknuckles.bmp", "Rect": "12,176,32,40", "Center": "15,17" },
	"character_superknuckles_0x32":  { "File": "character_superknuckles.bmp", "Rect": "68,176,32,41", "Center": "17,23" },
	"character_superknuckles_0x33":  { "File": "character_superknuckles.bmp", "Rect": "124,180,32,33", "Center": "12,18" },
	"character_superknuckles_0x34":  { "File": "character_superknuckles.bmp", "Rect": "180,176,32,40", "Center": "15,19" },
	"character_superknuckles_0x35":  { "File": "character_superknuckles.bmp", "Rect": "236,180,32,32", "Center": "16,15" },
	"character_superknuckles_0x36":  { "File": "character_superknuckles.bmp", "Rect": "290,176,34,40", "Center": "16,22" },
	"character_superknuckles_0x37":  { "File": "character_superknuckles.bmp", "Rect": "346,176,34,40", "Center": "16,20" },
	"character_superknuckles_0x38":  { "File": "character_superknuckles.bmp", "Rect": "403,176,33,41", "Center": "13,19" },
	"character_superknuckles_0x39":  { "File": "character_superknuckles.bmp", "Rect": "460,179,32,34", "Center": "16,19" },
	"character_superknuckles_0x3a":  { "File": "character_superknuckles.bmp", "Rect": "516,184,32,24", "Center": "15,18" },
	"character_superknuckles_0x3b":  { "File": "character_superknuckles.bmp", "Rect": "572,180,32,35", "Center": "16,17" },
	"character_superknuckles_0x3c":  { "File": "character_superknuckles.bmp", "Rect": "628,176,32,40", "Center": "14,22" },
	"character_superknuckles_0x3d":  { "File": "character_superknuckles.bmp", "Rect": "685,176,28,42", "Center": "18,20" },
	"character_superknuckles_0x3e":  { "File": "character_superknuckles.bmp", "Rect": "740,180,32,32", "Center": "17,11" },
	"character_superknuckles_0x3f":  { "File": "character_superknuckles.bmp", "Rect": "796,184,32,26", "Center": "17,11" },
	"character_superknuckles_0x40":  { "File": "character_superknuckles.bmp", "Rect": "852,180,32,32", "Center": "19,14" },
	"character_superknuckles_0x41":  { "File": "character_superknuckles.bmp", "Rect": "12,232,32,40", "Center": "15,17" },
	"character_superknuckles_0x42":  { "File": "character_superknuckles.bmp", "Rect": "68,232,32,40", "Center": "14,20" },
	"character_superknuckles_0x43":  { "File": "character_superknuckles.bmp", "Rect": "127,232,25,40", "Center": "15,19" },
	"character_superknuckles_0x44":  { "File": "character_superknuckles.bmp", "Rect": "180,236,32,32", "Center": "18,17" },
	"character_superknuckles_0x45":  { "File": "character_superknuckles.bmp", "Rect": "236,236,32,32", "Center": "15,14" },
	"character_superknuckles_0x46":  { "File": "character_superknuckles.bmp", "Rect": "292,236,32,32", "Center": "15,15" },
	"character_superknuckles_0x47":  { "File": "character_superknuckles.bmp", "Rect": "348,232,32,40", "Center": "14,20" },
	"character_superknuckles_0x48":  { "File": "character_superknuckles.bmp", "Rect": "402,232,34,40", "Center": "15,20" },
	"character_superknuckles_0x49":  { "File": "character_superknuckles.bmp", "Rect": "456,232,40,40", "Center": "25,19" },
	"character_superknuckles_0x4a":  { "File": "character_superknuckles.bmp", "Rect": "516,231,32,41", "Center": "14,17" },
	"character_superknuckles_0x4b":  { "File": "character_superknuckles.bmp", "Rect": "575,236,28,32", "Center": "14,14" },
	"character_superknuckles_0x4c":  { "File": "character_superknuckles.bmp", "Rect": "628,233,33,35", "Center": "16,16" },
	"character_superknuckles_0x4d":  { "File": "character_superknuckles.bmp", "Rect": "684,240,32,25", "Center": "15,13" },
	"character_superknuckles_0x4e":  { "File": "character_superknuckles.bmp", "Rect": "736,236,40,32", "Center": "16,21" },
	"character_superknuckles_0x4f":  { "File": "character_superknuckles.bmp", "Rect": "792,234,40,35", "Center": "21,19" },
	"character_superknuckles_0x50":  { "File": "character_superknuckles.bmp", "Rect": "848,236,40,36", "Center": "21,19" },
	"character_superknuckles_0x51":  { "File": "character_superknuckles.bmp", "Rect": "8,292,40,32", "Center": "17,18" },
	"character_superknuckles_0x52":  { "File": "character_superknuckles.bmp", "Rect": "68,292,32,32", "Center": "17,18" },
	"character_superknuckles_0x53":  { "File": "character_superknuckles.bmp", "Rect": "124,292,32,32", "Center": "14,18" },
	"character_superknuckles_0x54":  { "File": "character_superknuckles.bmp", "Rect": "180,290,32,34", "Center": "16,19" },
	"character_superknuckles_0x55":  { "File": "character_superknuckles.bmp", "Rect": "226,288,39,41", "Center": "22,20" },
	"character_superknuckles_0x56":  { "File": "character_superknuckles.bmp", "Rect": "283,288,34,40", "Center": "22,20" },
	"character_superknuckles_0x57":  { "File": "character_superknuckles.bmp", "Rect": "343,288,32,40", "Center": "18,20" },
	"character_superknuckles_0x58":  { "File": "character_superknuckles.bmp", "Rect": "405,288,33,40", "Center": "16,20" },
	"character_superknuckles_0x59":  { "File": "character_superknuckles.bmp", "Rect": "460,288,32,40", "Center": "14,20" },
	"character_superknuckles_0x5a":  { "File": "character_superknuckles.bmp", "Rect": "520,288,31,40", "Center": "13,20" },
	"character_superknuckles_0x5b":  { "File": "character_superknuckles.bmp", "Rect": "572,288,35,40", "Center": "17,20" },
	"character_superknuckles_0x5c":  { "File": "character_superknuckles.bmp", "Rect": "616,295,57,25", "Center": "27,13" },
	"character_superknuckles_0x5d":  { "File": "character_superknuckles.bmp", "Rect": "680,292,40,31", "Center": "9,16" },
	"character_superknuckles_0x5e":  { "File": "character_superknuckles.bmp", "Rect": "735,295,41,25", "Center": "30,13" },
	"character_superknuckles_0x5f":  { "File": "character_superknuckles.bmp", "Rect": "784,296,56,24", "Center": "28,12" },
	"character_superknuckles_0x60":  { "File": "character_superknuckles.bmp", "Rect": "852,296,32,24", "Center": "10,12" },
	"character_superknuckles_0x61":  { "File": "character_superknuckles.bmp", "Rect": "12,351,32,25", "Center": "22,13" },
	"character_superknuckles_0x62":  { "File": "character_superknuckles.bmp", "Rect": "616,295,57,25", "Center": "27,13" },
	"character_superknuckles_0x63":  { "File": "character_superknuckles.bmp", "Rect": "123,336,33,58", "Center": "17,31" },
	"character_superknuckles_0x64":  { "File": "character_superknuckles.bmp", "Rect": "180,344,31,40", "Center": "16,20" },
	"character_superknuckles_0x65":  { "File": "character_superknuckles.bmp", "Rect": "239,343,25,41", "Center": "13,21" },
	"character_superknuckles_0x66":  { "File": "character_superknuckles.bmp", "Rect": "296,336,24,56", "Center": "12,25" },
	"character_superknuckles_0x67":  { "File": "character_superknuckles.bmp", "Rect": "352,348,24,32", "Center": "12,16" },
	"character_superknuckles_0x68":  { "File": "character_superknuckles.bmp", "Rect": "407,348,25,32", "Center": "13,8" },
	"character_superknuckles_0x69":  { "File": "character_superknuckles.bmp", "Rect": "12,176,32,40", "Center": "16,18" },
	"character_superknuckles_0x6a":  { "File": "character_superknuckles.bmp", "Rect": "68,176,32,41", "Center": "17,21" },
	"character_superknuckles_0x6b":  { "File": "character_superknuckles.bmp", "Rect": "124,180,32,33", "Center": "13,19" },
	"character_superknuckles_0x6c":  { "File": "character_superknuckles.bmp", "Rect": "624,348,40,34", "Center": "16,21" },
	"character_superknuckles_0x6d":  { "File": "character_superknuckles.bmp", "Rect": "680,348,40,34", "Center": "19,20" },
	"character_superknuckles_0x6e":  { "File": "character_superknuckles.bmp", "Rect": "735,348,41,33", "Center": "17,19" },
	"character_superknuckles_0x6f":  { "File": "character_superknuckles.bmp", "Rect": "795,348,34,32", "Center": "16,17" },
	"character_superknuckles_0x70":  { "File": "character_superknuckles.bmp", "Rect": "856,348,24,32", "Center": "6,19" },
	"character_superknuckles_0x71":  { "File": "character_superknuckles.bmp", "Rect": "9,404,35,32", "Center": "18,17" },
	"character_superknuckles_0x72":  { "File": "character_superknuckles.bmp", "Rect": "64,404,40,32", "Center": "17,18" },
	"character_superknuckles_0x73":  { "File": "character_superknuckles.bmp", "Rect": "120,404,40,32", "Center": "22,19" },
	"character_superknuckles_0x74":  { "File": "character_superknuckles.bmp", "Rect": "175,404,41,32", "Center": "18,17" },
	"character_superknuckles_0x75":  { "File": "character_superknuckles.bmp", "Rect": "235,404,33,32", "Center": "15,21" },
	"character_superknuckles_0x76":  { "File": "character_superknuckles.bmp", "Rect": "288,404,40,32", "Center": "22,17" },
	"character_superknuckles_0x77":  { "File": "character_superknuckles.bmp", "Rect": "348,404,32,32", "Center": "16,17" },
	"character_superknuckles_0x78":  { "File": "character_superknuckles.bmp", "Rect": "394,395,47,49", "Center": "22,28" },
	"character_superknuckles_0x79":  { "File": "character_superknuckles.bmp", "Rect": "452,402,48,38", "Center": "29,25" },
	"character_superknuckles_0x7a":  { "File": "character_superknuckles.bmp", "Rect": "508,400,49,40", "Center": "29,23" },
	"character_superknuckles_0x7b":  { "File": "character_superknuckles.bmp", "Rect": "570,396,38,48", "Center": "26,19" },
	"character_superknuckles_0x7c":  { "File": "character_superknuckles.bmp", "Rect": "624,396,40,49", "Center": "25,20" },
	"character_superknuckles_0x7d":  { "File": "character_superknuckles.bmp", "Rect": "676,400,48,38", "Center": "21,11" },
	"character_superknuckles_0x7e":  { "File": "character_superknuckles.bmp", "Rect": "732,400,49,40", "Center": "21,14" },
	"character_superknuckles_0x7f":  { "File": "character_superknuckles.bmp", "Rect": "792,396,38,48", "Center": "13,28" },
	"character_superknuckles_0x80":  { "File": "character_superknuckles.bmp", "Rect": "848,396,40,48", "Center": "20,24" },
	"character_superknuckles_0x81":  { "File": "character_superknuckles.bmp", "Rect": "10,448,35,56", "Center": "21,31" },
	"character_superknuckles_0x82":  { "File": "character_superknuckles.bmp", "Rect": "63,448,36,57", "Center": "22,31" },
	"character_superknuckles_0x83":  { "File": "character_superknuckles.bmp", "Rect": "124,452,32,48", "Center": "19,25" },
	"character_superknuckles_0x84":  { "File": "character_superknuckles.bmp", "Rect": "173,448,32,56", "Center": "19,30" },
	"character_superknuckles_0x85":  { "File": "character_superknuckles.bmp", "Rect": "231,448,32,56", "Center": "21,30" },
	"character_superknuckles_0x86":  { "File": "character_superknuckles.bmp", "Rect": "292,460,32,32", "Center": "12,8" },
	"character_superknuckles_0x87":  { "File": "character_superknuckles.bmp", "Rect": "348,460,32,32", "Center": "12,8" },
	"character_superknuckles_0x88":  { "File": "character_superknuckles.bmp", "Rect": "404,460,32,32", "Center": "12,8" },
	"character_superknuckles_0x89":  { "File": "character_superknuckles.bmp", "Rect": "460,460,32,32", "Center": "12,8" },
	"character_superknuckles_0x8a":  { "File": "character_superknuckles.bmp", "Rect": "516,460,32,32", "Center": "12,8" },
	"character_superknuckles_0x8b":  { "File": "character_superknuckles.bmp", "Rect": "572,460,32,32", "Center": "12,8" },
	"character_superknuckles_0x8c":  { "File": "character_superknuckles.bmp", "Rect": "624,456,40,40", "Center": "14,14" },
	"character_superknuckles_0x8d":  { "File": "character_superknuckles.bmp", "Rect": "680,456,40,40", "Center": "14,14" },
	"character_superknuckles_0x8e":  { "File": "character_superknuckles.bmp", "Rect": "743,452,25,48", "Center": "13,25" },
	"character_superknuckles_0x8f":  { "File": "character_superknuckles.bmp", "Rect": "792,459,40,33", "Center": "28,18" },
	"character_superknuckles_0x90":  { "File": "character_superknuckles.bmp", "Rect": "847,448,41,56", "Center": "21,25" },
	"character_superknuckles_0x91":  { "File": "character_superknuckles.bmp", "Rect": "6,508,42,48", "Center": "21,25" },
	"character_superknuckles_0x92":  { "File": "character_superknuckles.bmp", "Rect": "62,507,43,49", "Center": "21,26" },
	"character_superknuckles_0x93":  { "File": "character_superknuckles.bmp", "Rect": "118,511,35,41", "Center": "21,26" },
	"character_superknuckles_0x94":  { "File": "character_superknuckles.bmp", "Rect": "176,507,38,51", "Center": "19,25" },
	"character_superknuckles_0x95":  { "File": "character_superknuckles.bmp", "Rect": "235,507,33,51", "Center": "17,25" },
	"character_superknuckles_0x96":  { "File": "character_superknuckles.bmp", "Rect": "292,516,32,32", "Center": "16,15" },
	"character_superknuckles_0x97":  { "File": "character_superknuckles.bmp", "Rect": "348,516,32,32", "Center": "16,15" },
	"character_superknuckles_0x99":  { "File": "character_superknuckles.bmp", "Rect": "460,516,32,32", "Center": "16,15" },
	"character_superknuckles_0x9a":  { "File": "character_superknuckles.bmp", "Rect": "516,516,32,32", "Center": "16,15" },
	"character_superknuckles_0x9b":  { "File": "character_superknuckles.bmp", "Rect": "572,513,32,35", "Center": "13,15" },
	"character_superknuckles_0x9c":  { "File": "character_superknuckles.bmp", "Rect": "624,520,36,24", "Center": "15,4" },
	"character_superknuckles_0x9d":  { "File": "character_superknuckles.bmp", "Rect": "678,512,41,40", "Center": "23,20" },
	"character_superknuckles_0x9e":  { "File": "character_superknuckles.bmp", "Rect": "732,512,48,40", "Center": "27,20" },
	"character_superknuckles_0x9f":  { "File": "character_superknuckles.bmp", "Rect": "792,512,40,40", "Center": "17,20" },
	"character_superknuckles_0xa0":  { "File": "character_superknuckles.bmp", "Rect": "844,512,48,40", "Center": "18,20" },
	"character_superknuckles_0xa5":  { "File": "character_superknuckles.bmp", "Rect": "232,564,40,48", "Center": "29,28" },
	"character_superknuckles_0xa6":  { "File": "character_superknuckles.bmp", "Rect": "280,567,53,42", "Center": "29,21" },
	"character_superknuckles_0xa7":  { "File": "character_superknuckles.bmp", "Rect": "340,565,48,43", "Center": "28,22" },
	"character_superknuckles_0xa8":  { "File": "character_superknuckles.bmp", "Rect": "396,566,48,42", "Center": "28,22" },
	"character_superknuckles_0xa9":  { "File": "character_superknuckles.bmp", "Rect": "448,564,56,49", "Center": "33,27" },
	"character_superknuckles_0xaa":  { "File": "character_superknuckles.bmp", "Rect": "508,564,48,49", "Center": "31,27" },
	"character_superknuckles_0xab":  { "File": "character_superknuckles.bmp", "Rect": "568,567,41,44", "Center": "21,19" },
	"character_superknuckles_0xac":  { "File": "character_superknuckles.bmp", "Rect": "561,854,48,24", "Center": "23,12" },
	"character_superknuckles_0xad":  { "File": "character_superknuckles.bmp", "Rect": "680,567,41,44", "Center": "21,19" },
	"character_superknuckles_0xae":  { "File": "character_superknuckles.bmp", "Rect": "728,576,56,24", "Center": "29,12" },
	"character_superknuckles_0xaf":  { "File": "character_superknuckles.bmp", "Rect": "784,576,56,24", "Center": "29,12" },
	"character_superknuckles_0xb0":  { "File": "character_superknuckles.bmp", "Rect": "848,568,40,40", "Center": "20,22" },
	"character_superknuckles_0xb1":  { "File": "character_superknuckles.bmp", "Rect": "11,623,33,41", "Center": "14,21" },
	"character_superknuckles_0xb2":  { "File": "character_superknuckles.bmp", "Rect": "63,617,41,47", "Center": "13,27" },
	"character_superknuckles_0xb3":  { "File": "character_superknuckles.bmp", "Rect": "114,624,34,40", "Center": "22,20" },
	"character_superknuckles_0xb4":  { "File": "character_superknuckles.bmp", "Rect": "166,624,42,40", "Center": "21,20" },
	"character_superknuckles_0xb5":  { "File": "character_superknuckles.bmp", "Rect": "620,854,41,24", "Center": "20,12" },
	"character_superknuckles_0xb6":  { "File": "character_superknuckles.bmp", "Rect": "678,854,37,24", "Center": "18,12" },
	"character_superknuckles_0xb7":  { "File": "character_superknuckles.bmp", "Rect": "348,624,34,41", "Center": "21,18" },
	"character_superknuckles_0xb8":  { "File": "character_superknuckles.bmp", "Rect": "404,628,32,36", "Center": "21,18" },
	"character_superknuckles_0xb9":  { "File": "character_superknuckles.bmp", "Rect": "460,624,32,40", "Center": "21,18" },
	"character_superknuckles_0xba":  { "File": "character_superknuckles.bmp", "Rect": "516,624,32,40", "Center": "19,18" },
	"character_superknuckles_0xbb":  { "File": "character_superknuckles.bmp", "Rect": "572,627,32,35", "Center": "19,18" },
	"character_superknuckles_0xbc":  { "File": "character_superknuckles.bmp", "Rect": "628,628,32,37", "Center": "19,18" },
	"character_superknuckles_0xbd":  { "File": "character_superknuckles.bmp", "Rect": "684,618,37,46", "Center": "19,25" },
	"character_superknuckles_0xbe":  { "File": "character_superknuckles.bmp", "Rect": "740,616,32,48", "Center": "19,27" },
	"character_superknuckles_0xbf":  { "File": "character_superknuckles.bmp", "Rect": "792,624,40,40", "Center": "13,21" },
	"character_superknuckles_0xc0":  { "File": "character_superknuckles.bmp", "Rect": "844,631,48,27", "Center": "25,13" },
	"character_superknuckles_0xc1":  { "File": "character_superknuckles.bmp", "Rect": "8,687,41,28", "Center": "20,13" },
	"character_superknuckles_0xc2":  { "File": "character_superknuckles.bmp", "Rect": "66,687,38,28", "Center": "21,14" },
	"character_superknuckles_0xc3":  { "File": "character_superknuckles.bmp", "Rect": "119,687,41,28", "Center": "23,14" },
	"character_superknuckles_0xc4":  { "File": "character_superknuckles.bmp", "Rect": "172,688,48,24", "Center": "25,12" },
	"character_superknuckles_0xc5":  { "File": "character_superknuckles.bmp", "Rect": "228,688,48,24", "Center": "21,12" },
	"character_superknuckles_0xc6":  { "File": "character_superknuckles.bmp", "Rect": "284,688,48,24", "Center": "17,12" },
	"character_superknuckles_0xc7":  { "File": "character_superknuckles.bmp", "Rect": "348,688,33,25", "Center": "16,12" },
	"character_superknuckles_0xc8":  { "File": "character_superknuckles.bmp", "Rect": "396,688,48,24", "Center": "30,12" },
	"character_superknuckles_0xc9":  { "File": "character_superknuckles.bmp", "Rect": "452,688,48,24", "Center": "27,12" },
	"character_superknuckles_0xca":  { "File": "character_superknuckles.bmp", "Rect": "508,680,48,40", "Center": "23,19" },
	"character_superknuckles_0xcb":  { "File": "character_superknuckles.bmp", "Rect": "568,676,41,48", "Center": "23,23" },
	"character_superknuckles_0xcc":  { "File": "character_superknuckles.bmp", "Rect": "616,688,56,24", "Center": "27,13" },
	"character_superknuckles_0xcd":  { "File": "character_superknuckles.bmp", "Rect": "680,684,40,32", "Center": "20,12" },
	"character_superknuckles_0xce":  { "File": "character_superknuckles.bmp", "Rect": "736,680,40,40", "Center": "23,20" },
	"character_superknuckles_0xcf":  { "File": "character_superknuckles.bmp", "Rect": "792,680,40,40", "Center": "23,20" },
	"character_superknuckles_0xd0":  { "File": "character_superknuckles.bmp", "Rect": "848,680,40,40", "Center": "23,20" },
	"character_superknuckles_0xd1":  { "File": "character_superknuckles.bmp", "Rect": "8,736,40,40", "Center": "23,20" },
	"character_superknuckles_0xd2":  { "File": "character_superknuckles.bmp", "Rect": "124,736,32,40", "Center": "15,20" },
	"character_superknuckles_0xd4":  { "File": "character_superknuckles.bmp", "Rect": "180,736,32,40", "Center": "15,20" },
	"character_superknuckles_0xa1":  { "File": "character_superknuckles.bmp", "Rect": "4,564,48,48", "Center": "20,28" },
	"character_superknuckles_0xd5":  { "File": "character_superknuckles.bmp", "Rect": "228,736,34,40", "Center": "21,20" },
	"character_superknuckles_0xd6":  { "File": "character_superknuckles.bmp", "Rect": "286,736,35,40", "Center": "19,20" },
	"character_superknuckles_0xd7":  { "File": "character_superknuckles.bmp", "Rect": "347,736,33,40", "Center": "14,20" },
	"character_superknuckles_0xd8":  { "File": "character_superknuckles.bmp", "Rect": "403,736,33,40", "Center": "14,20" },
	"character_superknuckles_0xd9":  { "File": "character_superknuckles.bmp", "Rect": "459,736,33,40", "Center": "14,20" },
	"character_superknuckles_0xda":  { "File": "character_superknuckles.bmp", "Rect": "515,736,33,40", "Center": "14,20" },
	"character_superknuckles_0xdb":  { "File": "character_superknuckles.bmp", "Rect": "571,736,33,40", "Center": "14,20" },
	"character_superknuckles_0xdc":  { "File": "character_superknuckles.bmp", "Rect": "627,736,35,40", "Center": "15,20" },
	"character_superknuckles_0xdd":  { "File": "character_superknuckles.bmp", "Rect": "678,736,42,40", "Center": "11,20" },
	"character_superknuckles_0xde":  { "File": "character_superknuckles.bmp", "Rect": "736,736,40,40", "Center": "12,20" },
	"character_superknuckles_0xa2":  { "File": "character_superknuckles.bmp", "Rect": "60,564,48,48", "Center": "19,28" },
	"character_superknuckles_0xa3":  { "File": "character_superknuckles.bmp", "Rect": "116,564,48,49", "Center": "19,29" },
	"character_superknuckles_0xa4":  { "File": "character_superknuckles.bmp", "Rect": "176,567,40,41", "Center": "20,21" },
	"character_superknuckles_0xdf":  { "File": "character_superknuckles.bmp", "Rect": "796,736,32,40", "Center": "15,19" },
	"character_superknuckles_0xe0":  { "File": "character_superknuckles.bmp", "Rect": "852,740,32,32", "Center": "15,16" },
	"character_superknuckles_0xe1":  { "File": "character_superknuckles.bmp", "Rect": "12,796,32,33", "Center": "14,13" },
	"character_superknuckles_0xe2":  { "File": "character_superknuckles.bmp", "Rect": "68,790,35,42", "Center": "16,18" },
	"character_superknuckles_0xe3":  { "File": "character_superknuckles.bmp", "Rect": "123,792,33,41", "Center": "18,17" },
	"character_superknuckles_0xe4":  { "File": "character_superknuckles.bmp", "Rect": "175,788,38,48", "Center": "21,24" },
	"character_superknuckles_0xe5":  { "File": "character_superknuckles.bmp", "Rect": "231,787,38,51", "Center": "18,25" },
	"character_superknuckles_0xe6":  { "File": "character_superknuckles.bmp", "Rect": "292,788,32,49", "Center": "16,24" },
	"character_superknuckles_0xe7":  { "File": "character_superknuckles.bmp", "Rect": "348,787,33,50", "Center": "16,25" },
	"character_superknuckles_0xe8":  { "File": "character_superknuckles.bmp", "Rect": "404,788,36,48", "Center": "18,24" },
	"character_superknuckles_0xe9":  { "File": "character_superknuckles.bmp", "Rect": "460,788,32,48", "Center": "13,24" },
	"character_superknuckles_0xea":  { "File": "character_superknuckles.bmp", "Rect": "515,787,35,49", "Center": "17,25" },
	"character_superknuckles_0xeb":  { "File": "character_superknuckles.bmp", "Rect": "572,792,32,41", "Center": "14,22" },
	"character_superknuckles_0xec":  { "File": "character_superknuckles.bmp", "Rect": "624,788,40,46", "Center": "18,27" },
	"character_superknuckles_0xed":  { "File": "character_superknuckles.bmp", "Rect": "680,789,40,46", "Center": "17,27" },
	"character_superknuckles_0xee":  { "File": "character_superknuckles.bmp", "Rect": "731,854,41,24", "Center": "21,12" },
	"character_superknuckles_0xef":  { "File": "character_superknuckles.bmp", "Rect": "791,792,43,38", "Center": "21,18" },
	"character_superknuckles_0xf0":  { "File": "character_superknuckles.bmp", "Rect": "850,792,41,38", "Center": "16,18" },
	"character_superknuckles_0xf1":  { "File": "character_superknuckles.bmp", "Rect": "10,848,37,38", "Center": "19,18" },
	"character_superknuckles_0xf2":  { "File": "character_superknuckles.bmp", "Rect": "65,848,38,38", "Center": "18,18" },
	"character_superknuckles_0xf3":  { "File": "character_superknuckles.bmp", "Rect": "121,848,37,38", "Center": "18,18" },
	"character_superknuckles_0xf4":  { "File": "character_superknuckles.bmp", "Rect": "175,848,42,38", "Center": "21,18" },
	"character_superknuckles_0xf5":  { "File": "character_superknuckles.bmp", "Rect": "232,848,42,38", "Center": "21,18" },
	"character_superknuckles_0xf6":  { "File": "character_superknuckles.bmp", "Rect": "287,848,43,38", "Center": "21,18" },
	"character_superknuckles_0xf7":  { "File": "character_superknuckles.bmp", "Rect": "347,848,33,38", "Center": "19,18" },
	"character_superknuckles_0xf8":  { "File": "character_superknuckles.bmp", "Rect": "397,848,36,38", "Center": "23,18" },
	"character_superknuckles_0xf9":  { "File": "character_superknuckles.bmp", "Rect": "460,848,33,37", "Center": "15,18" },
	"character_superknuckles_0xfa":  { "File": "character_superknuckles.bmp", "Rect": "512,848,43,37", "Center": "20,18" }
}