{
	"dataSel_character_sonic&tails":  { "File": "dataSel_character_sonic&tails.png", "Rect": "0,0,56,42", "Center": "30,32" },
	"dataSel_character_sonic":  { "File": "dataSel_character_sonic.png", "Rect": "0,0,0,0", "Center": "17,30" },
	"dataSel_character_tails":  { "File": "dataSel_character_tails.png", "Rect": "0,0,0,0", "Center": "26,34" },
	"dataSel_character_knuckles":  { "File": "dataSel_character_knuckles.png", "Rect": "0,0,0,0", "Center": "13,30" },
	"dataSel_character_knuckles&tails":  { "File": "dataSel_character_knuckles&tails.png", "Rect": "0,0,58,42", "Center": "26,32" },
	"dataSel_lifeContinue_sonic":  { "File": "dataSel_lifeContinue.png", "Rect": "2,3,24,41", "Center": "0,16" },
	"dataSel_lifeContinue_tails":  { "File": "dataSel_lifeContinue.png", "Rect": "28,4,24,40", "Center": "0,16" },
	"dataSel_lifeContinue_knuckles":  { "File": "dataSel_lifeContinue.png", "Rect": "56,3,24,41", "Center": "0,16" },
	"dataSel_savePortrait_sonic":  { "File": "dataSel_savePortrait_sonic.png", "Rect": "0,0,80,56", "Center": "0,0" },
	"dataSel_savePortrait_sonicSuper":  { "File": "dataSel_savePortrait_sonicSuper.png", "Rect": "0,0,80,56", "Center": "0,0" },
	"dataSel_savePortrait_tails":  { "File": "dataSel_savePortrait_tails.png", "Rect": "0,0,80,56", "Center": "0,0" },
	"dataSel_savePortrait_tailsSuper":  { "File": "dataSel_savePortrait_tailsSuper.png", "Rect": "0,0,80,56", "Center": "0,0" },
	"dataSel_savePortrait_knuckles":  { "File": "dataSel_savePortrait_knuckles.png", "Rect": "0,0,80,56", "Center": "0,0" },
	"dataSel_savePortrait_knucklesSuper":  { "File": "dataSel_savePortrait_knucklesSuper.png", "Rect": "0,0,80,56", "Center": "0,0" },
	"dataSel_savePortrait_end":  { "File": "dataSel_savePortrait_end.png", "Rect": "0,0,80,56", "Center": "0,0" },
	"dataSel_savePortrait_new":  { "File": "dataSel_savePortrait_new.png", "Rect": "0,0,80,56"},
	"dataSel_digit_0":  { "File": "dataSel_lifeContinue.png", "Rect": "0,48,8,12", "Center": "0,16" },
	"dataSel_digit_1":  { "File": "dataSel_lifeContinue.png", "Rect": "8,48,8,12", "Center": "0,16" },
	"dataSel_digit_2":  { "File": "dataSel_lifeContinue.png", "Rect": "16,48,8,12", "Center": "0,16" },
	"dataSel_digit_3":  { "File": "dataSel_lifeContinue.png", "Rect": "24,48,8,12", "Center": "0,16" },
	"dataSel_digit_4":  { "File": "dataSel_lifeContinue.png", "Rect": "32,48,8,12", "Center": "0,16" },
	"dataSel_digit_5":  { "File": "dataSel_lifeContinue.png", "Rect": "40,48,8,12", "Center": "0,16" },
	"dataSel_digit_6":  { "File": "dataSel_lifeContinue.png", "Rect": "48,48,8,12", "Center": "0,16" },
	"dataSel_digit_7":  { "File": "dataSel_lifeContinue.png", "Rect": "56,48,8,12", "Center": "0,16" },
	"dataSel_digit_8":  { "File": "dataSel_lifeContinue.png", "Rect": "64,48,8,12", "Center": "0,16" },
	"dataSel_digit_9":  { "File": "dataSel_lifeContinue.png", "Rect": "72,48,8,12", "Center": "0,16" },
	"dataSel_lifeContinue_sonic&tails":  { "File": "dataSel_lifeContinue.png", "Rect": "2,4,24,40", "Center": "0,0" },
	"dataSel_lifeContinue_knuckles&tails":  { "File": "dataSel_lifeContinue.png", "Rect": "56,4,24,40", "Center": "0,0" }
}
