{
	"character_superknuckles_standing_0x00": { "File": "character_superknuckles_standing.bmp", "Rect": "0,0,34,40", "Center": "22,20" },
	"character_superknuckles_standing_0x01": { "File": "character_superknuckles_standing.bmp", "Rect": "35,0,34,40", "Center": "22,20" },
	"character_superknuckles_standing_0x02": { "File": "character_superknuckles_standing.bmp", "Rect": "70,0,34,40", "Center": "22,20" },
	"character_superknuckles_standing_0x03": { "File": "character_superknuckles_standing.bmp", "Rect": "105,0,34,40", "Center": "22,20" },
	"character_superknuckles_standing_0x04": { "File": "character_superknuckles_standing.bmp", "Rect": "140,0,34,40", "Center": "22,20" },
	"character_superknuckles_standing_0x05": { "File": "character_superknuckles_standing.bmp", "Rect": "175,0,34,40", "Center": "22,20" }
}
