{
	"character_supertails_tails_0x01":  { "File": "character_supertails_tails.bmp", "Rect": "4,4,24,16", "Center": "26,4" },
	"character_supertails_tails_0x02":  { "File": "character_supertails_tails.bmp", "Rect": "36,4,24,16", "Center": "28,3" },
	"character_supertails_tails_0x03":  { "File": "character_supertails_tails.bmp", "Rect": "68,4,24,16", "Center": "28,4" },
	"character_supertails_tails_0x04":  { "File": "character_supertails_tails.bmp", "Rect": "100,4,24,16", "Center": "28,4" },
	"character_supertails_tails_0x05":  { "File": "character_supertails_tails.bmp", "Rect": "132,4,24,16", "Center": "34,7" },
	"character_supertails_tails_0x06":  { "File": "character_supertails_tails.bmp", "Rect": "164,4,24,16", "Center": "36,6" },
	"character_supertails_tails_0x07":  { "File": "character_supertails_tails.bmp", "Rect": "196,4,24,16", "Center": "36,7" },
	"character_supertails_tails_0x08":  { "File": "character_supertails_tails.bmp", "Rect": "228,4,24,16", "Center": "36,7" },
	"character_supertails_tails_0x09":  { "File": "character_supertails_tails.bmp", "Rect": "260,4,24,16", "Center": "31,-7" },
	"character_supertails_tails_0x0a":  { "File": "character_supertails_tails.bmp", "Rect": "292,4,24,18", "Center": "31,-7" },
	"character_supertails_tails_0x0b":  { "File": "character_supertails_tails.bmp", "Rect": "324,4,24,18", "Center": "31,-7" },
	"character_supertails_tails_0x0c":  { "File": "character_supertails_tails.bmp", "Rect": "356,4,24,17", "Center": "31,-7" },
	"character_supertails_tails_0x0d":  { "File": "character_supertails_tails.bmp", "Rect": "392,0,16,24", "Center": "8,-10" },
	"character_supertails_tails_0x0e":  { "File": "character_supertails_tails.bmp", "Rect": "424,0,16,24", "Center": "7,-12" },
	"character_supertails_tails_0x0f":  { "File": "character_supertails_tails.bmp", "Rect": "456,0,16,24", "Center": "8,-12" },
	"character_supertails_tails_0x10":  { "File": "character_supertails_tails.bmp", "Rect": "488,0,16,24", "Center": "8,-12" },
	"character_supertails_tails_0x11":  { "File": "character_supertails_tails.bmp", "Rect": "8,24,16,24", "Center": "-7,-7" },
	"character_supertails_tails_0x12":  { "File": "character_supertails_tails.bmp", "Rect": "40,24,18,24", "Center": "-7,-7" },
	"character_supertails_tails_0x13":  { "File": "character_supertails_tails.bmp", "Rect": "72,24,18,24", "Center": "-7,-7" },
	"character_supertails_tails_0x14":  { "File": "character_supertails_tails.bmp", "Rect": "104,24,17,24", "Center": "-7,-7" },
	"character_supertails_tails_0x1a":  { "File": "character_supertails_tails.bmp", "Rect": "132,28,24,16", "Center": "24,4" },
	"character_supertails_tails_0x1b":  { "File": "character_supertails_tails.bmp", "Rect": "164,28,24,16", "Center": "26,3" },
	"character_supertails_tails_0x1c":  { "File": "character_supertails_tails.bmp", "Rect": "196,28,24,16", "Center": "26,4" },
	"character_supertails_tails_0x1d":  { "File": "character_supertails_tails.bmp", "Rect": "228,28,24,16", "Center": "26,4" },
	"character_supertails_tails_0x1e":  { "File": "character_supertails_tails.bmp", "Rect": "260,28,24,16", "Center": "24,4" },
	"character_supertails_tails_0x20":  { "File": "character_supertails_tails.bmp", "Rect": "324,28,24,16", "Center": "26,4" },
	"character_supertails_tails_0x21":  { "File": "character_supertails_tails.bmp", "Rect": "356,28,24,16", "Center": "26,4" },
	"character_supertails_tails_0x22":  { "File": "character_supertails_tails.bmp", "Rect": "277,58,26,13", "Center": "27,1" },
	"character_supertails_tails_0x23":  { "File": "character_supertails_tails.bmp", "Rect": "304,57,26,14", "Center": "27,2" },
	"character_supertails_tails_0x24":  { "File": "character_supertails_tails.bmp", "Rect": "331,58,26,13", "Center": "27,1" },
	"character_supertails_tails_0x25":  { "File": "character_supertails_tails.bmp", "Rect": "358,57,25,14", "Center": "27,2" },
	"character_supertails_tails_0x26":  { "File": "character_supertails_tails.bmp", "Rect": "384,58,26,13", "Center": "27,1" },
	"character_supertails_tails_0x27":  { "File": "character_supertails_tails.bmp", "Rect": "223,46,26,25", "Center": "26,14" },
	"character_supertails_tails_0x28":  { "File": "character_supertails_tails.bmp", "Rect": "250,46,26,25", "Center": "26,13" },
	"character_supertails_tails_0x29":  { "File": "character_supertails_tails.bmp", "Rect": "100,52,24,16", "Center": "25,11" },
	"character_supertails_tails_0x2a":  { "File": "character_supertails_tails.bmp", "Rect": "132,52,24,16", "Center": "27,10" },
	"character_supertails_tails_0x2b":  { "File": "character_supertails_tails.bmp", "Rect": "164,52,24,16", "Center": "27,11" },
	"character_supertails_tails_0x2c":  { "File": "character_supertails_tails.bmp", "Rect": "196,52,24,16", "Center": "27,11" }
}