{
	"character_hypersonic_standing_0x00":  { "File": "character_hypersonic.bmp", "Rect": "512,613,40,55", "Center": "24,35" },
	"character_hypersonic_standing_0x01":  { "File": "character_hypersonic.bmp", "Rect": "568,613,40,55", "Center": "24,36" },
	"character_hypersonic_standing_0x02":  { "File": "character_hypersonic.bmp", "Rect": "624,613,40,55", "Center": "24,37" },
	"character_hypersonic_standing_0x03":  { "File": "character_hypersonic.bmp", "Rect": "680,613,40,55", "Center": "24,38" },
	"character_hypersonic_standing_0x04":  { "File": "character_hypersonic.bmp", "Rect": "624,613,40,55", "Center": "24,37" },
	"character_hypersonic_standing_0x05":  { "File": "character_hypersonic.bmp", "Rect": "568,613,40,55", "Center": "24,36" }
}