{
	"knux_superflight_0":  { "File": "character_knux.bmp", "Rect": "152,4,41,30", "Center": "22,11" },
	"knux_superflight_1":  { "File": "character_knux.bmp", "Rect": "194,4,41,30", "Center": "22,11" },
	"knux_fastrun_0":  { "File": "character_knux.bmp", "Rect": "1,1,37,33", "Center": "24,13" },
	"knux_fastrun_1":  { "File": "character_knux.bmp", "Rect": "40,1,34,33", "Center": "22,13" },
	"knux_fastrun_2":  { "File": "character_knux.bmp", "Rect": "76,1,33,33", "Center": "21,13" },
	"knux_fastrun_3":  { "File": "character_knux.bmp", "Rect": "110,1,37,33", "Center": "24,13" },
	"knux_transform_0":  { "File": "character_knux.bmp", "Rect": "253,2,42,48", "Center": "19,26" },
	"knux_transform_1":  { "File": "character_knux.bmp", "Rect": "297,2,42,48", "Center": "19,26" }
}