{
	"sonic_springtwirl_0":  { "File": "character_sonic.bmp", "Rect": "764,850,24,45", "Center": "12,20" },
	"sonic_springtwirl_1":  { "File": "character_sonic.bmp", "Rect": "789,850,25,45", "Center": "14,20" },
	"sonic_springtwirl_2":  { "File": "character_sonic.bmp", "Rect": "815,850,25,45", "Center": "12,20" },
	"sonic_springtwirl_3":  { "File": "character_sonic.bmp", "Rect": "841,850,24,45", "Center": "11,20" },
	"sonic_springtwirl_4":  { "File": "character_sonic.bmp", "Rect": "866,850,29,45", "Center": "15,20" },
	"supersonic_springtwirl_0":  { "File": "character_supersonic.bmp", "Rect": "764,850,24,45", "Center": "12,20" },
	"supersonic_springtwirl_1":  { "File": "character_supersonic.bmp", "Rect": "789,850,25,45", "Center": "14,20" },
	"supersonic_springtwirl_2":  { "File": "character_supersonic.bmp", "Rect": "815,850,25,45", "Center": "12,20" },
	"supersonic_springtwirl_3":  { "File": "character_supersonic.bmp", "Rect": "841,850,24,45", "Center": "11,20" },
	"supersonic_springtwirl_4":  { "File": "character_supersonic.bmp", "Rect": "866,850,29,45", "Center": "15,20" },
	"tails_springtwirl_0":  { "File": "character_tails.bmp", "Rect": "640,726,22,41", "Center": "14,20" },
	"tails_springtwirl_1":  { "File": "character_tails.bmp", "Rect": "663,726,28,41", "Center": "12,20" },
	"tails_springtwirl_2":  { "File": "character_tails.bmp", "Rect": "692,726,28,41", "Center": "11,20" },
	"tails_springtwirl_3":  { "File": "character_tails.bmp", "Rect": "721,726,22,41", "Center": "9,20" },
	"tails_springtwirl_4":  { "File": "character_tails.bmp", "Rect": "744,726,23,41", "Center": "11,20" },
}