{
	"character_supersonic_standing_0x00": { "File": "character_supersonic.bmp", "Rect": "512,620,40,48", "Center": "24,28" },
	"character_supersonic_standing_0x01": { "File": "character_supersonic.bmp", "Rect": "568,620,40,48", "Center": "24,28" },
	"character_supersonic_standing_0x02": { "File": "character_supersonic.bmp", "Rect": "624,620,40,48", "Center": "24,28" },
	"character_supersonic_standing_0x03": { "File": "character_supersonic.bmp", "Rect": "680,620,40,48", "Center": "24,28" },
	"character_supersonic_standing_0x04": { "File": "character_supersonic.bmp", "Rect": "624,620,40,48", "Center": "24,28" },
	"character_supersonic_standing_0x05": { "File": "character_supersonic.bmp", "Rect": "568,620,40,48", "Center": "24,28" },
}
