{

	"superem0": { "File": "emeralds_orig.png", "Rect": "148,1,48,32", "Center": "24,16" },
	"superem1": { "File": "emeralds_orig.png", "Rect": "99,1,48,32", "Center": "24,16" },
	"superem2": { "File": "emeralds_orig.png", "Rect": "197,1,48,32", "Center": "24,16" },
	"superem3": { "File": "emeralds_orig.png", "Rect": "50,1,48,32", "Center": "24,16" },
	"superem4": { "File": "emeralds_orig.png", "Rect": "246,1,48,32", "Center": "24,16" },
	"superem5": { "File": "emeralds_orig.png", "Rect": "1,1,48,32", "Center": "24,16" },
	"superem6": { "File": "emeralds_orig.png", "Rect": "295,1,48,32", "Center": "24,16" },

	"superglow": { "File": "glow.png", "Rect": "1,1,48,32", "Center": "24,16" },
	"chaos0": { "File": "chaosems.png", "Rect": "1,1,14,10", "Center": "8,6" },
	"chaos1": { "File": "chaosems.png", "Rect": "16,1,14,10", "Center": "8,6" },
	"chaos2": { "File": "chaosems.png", "Rect": "31,1,14,10", "Center": "8,6" },
	"chaos3": { "File": "chaosems.png", "Rect": "46,1,14,10", "Center": "8,6" },
	"chaos4": { "File": "chaosems.png", "Rect": "61,1,14,10", "Center": "8,6" },
	"chaos5": { "File": "chaosems.png", "Rect": "76,1,14,10", "Center": "8,6" },
	"chaos6": { "File": "chaosems.png", "Rect": "91,1,14,10", "Center": "8,6" }
}
