{
	"chaos00":  { "File": "chaosemerald.png", "Rect": "40,1,8,8", "Center": "42,4" },
	"chaos01":  { "File": "chaosemerald.png", "Rect": "28,9,8,8", "Center": "54,-4" },
	"chaos02":  { "File": "chaosemerald.png", "Rect": "52,9,8,8", "Center": "30,-4" },
	"chaos03":  { "File": "chaosemerald.png", "Rect": "16,1,8,8", "Center": "66,4" },
	"chaos04":  { "File": "chaosemerald.png", "Rect": "64,1,8,8", "Center": "18,4" },
	"chaos05":  { "File": "chaosemerald.png", "Rect": "4,9,8,8", "Center": "78,-4" },
	"chaos06":  { "File": "chaosemerald.png", "Rect": "76,9,8,8", "Center": "6,-4" },

	"side00":  { "File": "sideemerald.png", "Rect": "40,1,8,8", "Center": "42,4" },
	"side01":  { "File": "sideemerald.png", "Rect": "28,9,8,8", "Center": "54,-4" },
	"side02":  { "File": "sideemerald.png", "Rect": "52,9,8,8", "Center": "30,-4" },
	"side03":  { "File": "sideemerald.png", "Rect": "16,1,8,8", "Center": "66,4" },
	"side04":  { "File": "sideemerald.png", "Rect": "64,1,8,8", "Center": "18,4" },
	"side05":  { "File": "sideemerald.png", "Rect": "4,9,8,8", "Center": "78,-4" },
	"side06":  { "File": "sideemerald.png", "Rect": "76,9,8,8", "Center": "6,-4" },

	"super00":  { "File": "superemerald.png", "Rect": "1,1,16,11", "Center": "46,5" },
	"super01":  { "File": "superemerald.png", "Rect": "18,1,16,11", "Center": "58,-3" },
	"super02":  { "File": "superemerald.png", "Rect": "35,1,16,11", "Center": "34,-3" },
	"super03":  { "File": "superemerald.png", "Rect": "52,1,16,11", "Center": "70,5" },
	"super04":  { "File": "superemerald.png", "Rect": "69,1,16,11", "Center": "22,5" },
	"super05":  { "File": "superemerald.png", "Rect": "86,1,16,11", "Center": "82,-3" },
	"super06":  { "File": "superemerald.png", "Rect": "103,1,16,11", "Center": "10,-3" },

	"grey00":  { "File": "greys.png", "Rect": "1,1,16,11", "Center": "46,5" },
	"grey01":  { "File": "greys.png", "Rect": "1,1,16,11", "Center": "58,-3" },
	"grey02":  { "File": "greys.png", "Rect": "1,1,16,11", "Center": "34,-3" },
	"grey03":  { "File": "greys.png", "Rect": "1,1,16,11", "Center": "70,5" },
	"grey04":  { "File": "greys.png", "Rect": "1,1,16,11", "Center": "22,5" },
	"grey05":  { "File": "greys.png", "Rect": "1,1,16,11", "Center": "82,-3" },
	"grey06":  { "File": "greys.png", "Rect": "1,1,16,11", "Center": "10,-3" },

	"none00":  { "File": "none.png", "Rect": "1,1,8,8", "Center": "42,4" },
	"none01":  { "File": "none.png", "Rect": "1,1,8,8", "Center": "54,-4" },
	"none02":  { "File": "none.png", "Rect": "1,1,8,8", "Center": "30,-4" },
	"none03":  { "File": "none.png", "Rect": "1,1,8,8", "Center": "66,4" },
	"none04":  { "File": "none.png", "Rect": "1,1,8,8", "Center": "18,4" },
	"none05":  { "File": "none.png", "Rect": "1,1,8,8", "Center": "78,-4" },
	"none06":  { "File": "none.png", "Rect": "1,1,8,8", "Center": "6,-4" },

	"sidenone00":  { "File": "sidenone.png", "Rect": "1,1,8,8", "Center": "42,4" },
	"sidenone01":  { "File": "sidenone.png", "Rect": "1,1,8,8", "Center": "54,-4" },
	"sidenone02":  { "File": "sidenone.png", "Rect": "1,1,8,8", "Center": "30,-4" },
	"sidenone03":  { "File": "sidenone.png", "Rect": "1,1,8,8", "Center": "66,4" },
	"sidenone04":  { "File": "sidenone.png", "Rect": "1,1,8,8", "Center": "18,4" },
	"sidenone05":  { "File": "sidenone.png", "Rect": "1,1,8,8", "Center": "78,-4" },
	"sidenone06":  { "File": "sidenone.png", "Rect": "1,1,8,8", "Center": "6,-4" }

}