{
	"global_dropdashdust_0":  { "File": "global_dropdashdust.png", "Rect": "1,1,32,40", "Center": "36,20" },
	"global_dropdashdust_1":  { "File": "global_dropdashdust.png", "Rect": "34,1,32,40", "Center": "36,20" },
	"global_dropdashdust_2":  { "File": "global_dropdashdust.png", "Rect": "67,1,32,40", "Center": "36,20" },
  "global_dropdashdust_3":  { "File": "global_dropdashdust.png", "Rect": "100,1,32,40", "Center": "36,20" },
  "global_dropdashdust_4":  { "File": "global_dropdashdust.png", "Rect": "133,1,32,40", "Center": "36,20" },
  "global_dropdashdust_5":  { "File": "global_dropdashdust.png", "Rect": "166,1,32,40", "Center": "36,20" },
  "global_dropdashdust_6":  { "File": "global_dropdashdust.png", "Rect": "199,1,32,40", "Center": "36,20" },
  "global_dropdashdust_7":  { "File": "global_dropdashdust.png", "Rect": "232,1,32,40", "Center": "36,20" },
  "global_dropdashdust_8":  { "File": "global_dropdashdust.png", "Rect": "265,1,32,40", "Center": "36,20" },
  "global_dropdashdust_9":  { "File": "global_dropdashdust.png", "Rect": "298,1,32,40", "Center": "36,20" },
  "global_dropdashdust_10":  { "File": "global_dropdashdust.png", "Rect": "331,1,18,40", "Center": "9,20" }
}