{
 // Standard Digits
	"hud_text_score":  { "File": "hud_text_sprites.png", "Rect": "0,0,129,16", "Center": "15,0" },
	"hud_text_time":  { "File": "hud_text_sprites.png", "Rect": "0,17,129,15", "Center": "17,0" },
	"hud_text_time_red":  { "File": "hud_text_sprites.png", "Rect": "131,17,129,15", "Center": "17,0" },
	"hud_text_rings":  { "File": "hud_text_sprites.png", "Rect": "0,32,127,25", "Center": "15,5" },
	"hud_text_rings_red":  { "File": "hud_text_sprites.png", "Rect": "131,32,127,25", "Center": "15,5" },
	"hud_text_ring":  { "File": "hud_text_sprites.png", "Rect": "0,103,33,14", "Center": "1,0" },
	"hud_text_bonus":  { "File": "hud_text_sprites.png", "Rect": "0,75,166,14", "Center": "1,0" },
	"hud_text_total":  { "File": "hud_text_sprites.png", "Rect": "0,89,186,14", "Center": "1,0" },

 // Special and Super Special Stage Digits
	"hud_text_score_chaosstage":  { "File": "hud_text_sprites.png", "Rect": "0,61,41,14", "Center": "1,0" },
	"hud_text_ring_chaosstage":  { "File": "hud_text_sprites.png", "Rect": "0,103,33,14", "Center": "1,0" },
	"hud_text_bonus_chaosstage":  { "File": "hud_text_sprites.png", "Rect": "0,75,43,14", "Center": "1,0" },
	"hud_text_perfect_chaosstage":  { "File": "hud_text_sprites.png", "Rect": "0,117,57,14", "Center": "1,0" },
	"hud_text_continue_chaosstage":  { "File": "hud_text_sprites.png", "Rect": "0,131,65,14", "Center": "1,0" },
	"hud_text_score_superstage":  { "File": "hud_text_sprites.png", "Rect": "0,61,41,14", "Center": "1,0" },
	"hud_text_ring_superstage":  { "File": "hud_text_sprites.png", "Rect": "0,103,33,14", "Center": "1,0" },
	"hud_text_bonus_superstage":  { "File": "hud_text_sprites.png", "Rect": "0,75,43,14", "Center": "1,0" },
	"hud_text_perfect_superstage":  { "File": "hud_text_sprites.png", "Rect": "0,117,57,14", "Center": "1,0" },
	"hud_text_continue_superstage":  { "File": "hud_text_sprites.png", "Rect": "0,131,65,14", "Center": "1,0" },

 // Logo Icons
	"hud_bonus_icon_blue":  { "File": "hud_text_sprites.png", "Rect": "0,3,1,1", "Center": "0,0" },
	"hud_bonus_icon_orange":  { "File": "hud_text_sprites.png", "Rect": "0,3,1,1", "Center": "0,0" },
	"hud_bonus_icon_red":  { "File": "hud_text_sprites.png", "Rect": "0,3,1,1", "Center": "0,0" },

 // Standard Numbers
	"hud_digit_0":  { "File": "hud_text_sprites.png", "Rect": "1,148,9,14", "Center": "-8,-1" },
	"hud_digit_1":  { "File": "hud_text_sprites.png", "Rect": "11,148,8,14", "Center": "-9,-1" },
	"hud_digit_2":  { "File": "hud_text_sprites.png", "Rect": "19,148,9,14", "Center": "-8,-1" },
	"hud_digit_3":  { "File": "hud_text_sprites.png", "Rect": "29,148,9,14", "Center": "-8,-1" },
	"hud_digit_4":  { "File": "hud_text_sprites.png", "Rect": "39,148,9,14", "Center": "-8,-1" },
	"hud_digit_5":  { "File": "hud_text_sprites.png", "Rect": "49,148,9,14", "Center": "-8,-1" },
	"hud_digit_6":  { "File": "hud_text_sprites.png", "Rect": "59,148,9,14", "Center": "-8,-1" },
	"hud_digit_7":  { "File": "hud_text_sprites.png", "Rect": "69,148,9,14", "Center": "-8,-1" },
	"hud_digit_8":  { "File": "hud_text_sprites.png", "Rect": "79,148,9,14", "Center": "-8,-1" },
	"hud_digit_9":  { "File": "hud_text_sprites.png", "Rect": "89,148,9,14", "Center": "-8,-1" },
	"hud_char_minutes":  { "File": "hud_text_sprites.png", "Rect": "99,148,5,6", "Center": "-9,1" },
	"hud_char_seconds":  { "File": "hud_text_sprites.png", "Rect": "106,148,8,6", "Center": "-8,1" },

 // Special Stage Numbers
	"hud_digit_0_chaosstage":  { "File": "hud_text_sprites.png", "Rect": "1,163,7,12", "Center": "-2,0" },
	"hud_digit_1_chaosstage":  { "File": "hud_text_sprites.png", "Rect": "10,163,6,12", "Center": "-3,0" },
	"hud_digit_2_chaosstage":  { "File": "hud_text_sprites.png", "Rect": "17,163,7,12", "Center": "-2,0" },
	"hud_digit_3_chaosstage":  { "File": "hud_text_sprites.png", "Rect": "26,163,7,12", "Center": "-2,0" },
	"hud_digit_4_chaosstage":  { "File": "hud_text_sprites.png", "Rect": "35,163,7,12", "Center": "-2,0" },
	"hud_digit_5_chaosstage":  { "File": "hud_text_sprites.png", "Rect": "44,163,7,12", "Center": "-2,0" },
	"hud_digit_6_chaosstage":  { "File": "hud_text_sprites.png", "Rect": "53,163,7,12", "Center": "-2,0" },
	"hud_digit_7_chaosstage":  { "File": "hud_text_sprites.png", "Rect": "62,163,7,12", "Center": "-2,0" },
	"hud_digit_8_chaosstage":  { "File": "hud_text_sprites.png", "Rect": "71,163,7,12", "Center": "-2,0" },
	"hud_digit_9_chaosstage":  { "File": "hud_text_sprites.png", "Rect": "80,163,7,12", "Center": "-2,0" },

 // Characters Icons
	"hud_lives_icon_sonic":  { "File": "hud_life_standard.png", "Rect": "0,0,45,25", "Center": "7,5" },
  	"super_hud_lives_icon_sonic":  { "File": "hud_life_super.png", "Rect": "0,0,45,25", "Center": "7,5" },
  "hyper_hud_lives_icon_sonic":  { "File": "hud_life_hyper.png", "Rect": "0,0,45,25", "Center": "7,5" },

 // Character Life Icon Numbers
	"hud_smalldigit_0":  { "File": "hud_text_sprites.png", "Rect": "1,148,9,14", "Center": "-3,7" },
	"hud_smalldigit_1":  { "File": "hud_text_sprites.png", "Rect": "11,148,8,14", "Center": "-4,7" },
	"hud_smalldigit_2":  { "File": "hud_text_sprites.png", "Rect": "19,148,9,14", "Center": "-3,7" },
	"hud_smalldigit_3":  { "File": "hud_text_sprites.png", "Rect": "29,148,9,14", "Center": "-3,7" },
	"hud_smalldigit_4":  { "File": "hud_text_sprites.png", "Rect": "39,148,9,14", "Center": "-3,7" },
	"hud_smalldigit_5":  { "File": "hud_text_sprites.png", "Rect": "49,148,9,14", "Center": "-3,7" },
	"hud_smalldigit_6":  { "File": "hud_text_sprites.png", "Rect": "59,148,9,14", "Center": "-3,7" },
	"hud_smalldigit_7":  { "File": "hud_text_sprites.png", "Rect": "69,148,9,14", "Center": "-3,7" },
	"hud_smalldigit_8":  { "File": "hud_text_sprites.png", "Rect": "79,148,9,14", "Center": "-3,7" },
	"hud_smalldigit_9":  { "File": "hud_text_sprites.png", "Rect": "89,148,9,14", "Center": "-3,7" }
}
