{
	// Insta Shield. Only 0x0 - 0x6 are used in-game, but you can go up to
	// 0x0d (14 frames total, including 0x00)
	"insta_shield_0x00": { "File": "insta_shield.png", "Rect": "0,0,49,49", "Center": "24,24" },
	"insta_shield_0x01": { "File": "insta_shield.png", "Rect": "50,0,49,49", "Center": "24,24" },
	"insta_shield_0x02": { "File": "insta_shield.png", "Rect": "100,0,49,49", "Center": "24,24" },
	"insta_shield_0x03": { "File": "insta_shield.png", "Rect": "150,0,49,49", "Center": "24,24" },
	"insta_shield_0x04": { "File": "insta_shield.png", "Rect": "200,0,49,49", "Center": "24,24" },
	"insta_shield_0x05": { "File": "insta_shield.png", "Rect": "250,0,49,49", "Center": "24,24" },
	"insta_shield_0x06": { "File": "insta_shield.png", "Rect": "300,0,49,49", "Center": "24,24" },
	"insta_shield_0x07": { "File": "insta_shield.png", "Rect": "350,0,49,49", "Center": "24,24" },
	"insta_shield_0x08": { "File": "insta_shield.png", "Rect": "350,0,49,49", "Center": "24,24" },
	"insta_shield_0x09": { "File": "insta_shield.png", "Rect": "350,0,49,49", "Center": "24,24" },
	"insta_shield_0x0a": { "File": "insta_shield.png", "Rect": "350,0,49,49", "Center": "24,24" },
	"insta_shield_0x0b": { "File": "insta_shield.png", "Rect": "350,0,49,49", "Center": "24,24" },
	"insta_shield_0x0c": { "File": "insta_shield.png", "Rect": "350,0,49,49", "Center": "24,24" },
	"insta_shield_0x0d": { "File": "insta_shield.png", "Rect": "350,0,49,49", "Center": "24,24" }
}
