{
	"knuckles_walk_0":  { "File": "character_knuckles_walk.bmp", "Rect": "0,0,40,40", "Center": "24,20" },
	"knuckles_walk_1":  { "File": "character_knuckles_walk.bmp", "Rect": "41,0,40,40", "Center": "25,20" },
	"knuckles_walk_2":  { "File": "character_knuckles_walk.bmp", "Rect": "82,0,40,40", "Center": "25,20" },
	"knuckles_walk_3":  { "File": "character_knuckles_walk.bmp", "Rect": "123,0,40,40", "Center": "25,20" },
	"knuckles_walk_4":  { "File": "character_knuckles_walk.bmp", "Rect": "164,0,40,40", "Center": "25,20" },
	"knuckles_walk_5":  { "File": "character_knuckles_walk.bmp", "Rect": "205,0,40,40", "Center": "25,20" },
	"knuckles_walk_6":  { "File": "character_knuckles_walk.bmp", "Rect": "246,0,40,40", "Center": "24,20" },
	"knuckles_walk_7":  { "File": "character_knuckles_walk.bmp", "Rect": "287,0,40,40", "Center": "24,20" },
	"knuckles_walk_8":  { "File": "character_knuckles_walk.bmp", "Rect": "328,0,40,40", "Center": "24,20" },
	"knuckles_walk_9":  { "File": "character_knuckles_walk.bmp", "Rect": "369,0,40,40", "Center": "24,20" },
	"knuckles_walk_10":  { "File": "character_knuckles_walk.bmp", "Rect": "410,0,40,40", "Center": "24,20" },
	"knuckles_walk_11":  { "File": "character_knuckles_walk.bmp", "Rect": "451,0,40,40", "Center": "24,20" }
}