{
	"knuckles_push_0":  { "File": "character_knuckles_push.bmp", "Rect": "0,0,40,40", "Center": "24,20" },
	"knuckles_push_1":  { "File": "character_knuckles_push.bmp", "Rect": "41,0,40,40", "Center": "24,20" },
	"knuckles_push_2":  { "File": "character_knuckles_push.bmp", "Rect": "82,0,40,40", "Center": "24,20" },
	"knuckles_push_3":  { "File": "character_knuckles_push.bmp", "Rect": "123,0,40,40", "Center": "24,20" },
	"knuckles_push_4":  { "File": "character_knuckles_push.bmp", "Rect": "164,0,40,40", "Center": "24,20" },
	"knuckles_push_5":  { "File": "character_knuckles_push.bmp", "Rect": "205,0,40,40", "Center": "24,20" },
	"knuckles_push_6":  { "File": "character_knuckles_push.bmp", "Rect": "246,0,40,40", "Center": "24,20" },
	"knuckles_push_7":  { "File": "character_knuckles_push.bmp", "Rect": "287,0,40,40", "Center": "24,20" },
	"knuckles_push_8":  { "File": "character_knuckles_push.bmp", "Rect": "328,0,40,40", "Center": "24,20" },
	"knuckles_push_9":  { "File": "character_knuckles_push.bmp", "Rect": "369,0,40,40", "Center": "24,20" }
}