{
	"Sonic_Looking_up_0":  { "File": "Sonic_LookingUp.png", "Rect": "8,8,32,40", "Center": "15,20" },
	"Sonic_Looking_up_1":  { "File": "Sonic_LookingUp.png", "Rect": "56,8,32,40", "Center": "16,20" },
	"Sonic_Looking_up_2":  { "File": "Sonic_LookingUp.png", "Rect": "105,8,32,40", "Center": "16,20" },
	"Sonic_Looking_up_3":  { "File": "Sonic_LookingUp.png", "Rect": "155,8,32,40", "Center": "15,20" },
	"Sonic_Looking_up2_0":  { "File": "Sonic_LookingUp.png", "Rect": "204,8,32,40", "Center": "15,20" },
	"Sonic_Looking_down_0":  { "File": "Sonic_LookingDown.png", "Rect": "0,0,40,39", "Center": "14,19" },
	"Sonic_Looking_down_1":  { "File": "Sonic_LookingDown.png", "Rect": "49,0,33,39", "Center": "14,19" },
	"Sonic_Looking_down_2":  { "File": "Sonic_LookingDown.png", "Rect": "98,0,38,39", "Center": "14,19" },
	"Sonic_Looking_down2_0":  { "File": "Sonic_LookingDown.png", "Rect": "147,0,33,39", "Center": "14,19" }
}
,19" }
}