{
	"monitor_s3_intact": { "File": "monitors.png", "Rect":"0,66,32,32",   "Center": "16,16" },
	"monitor_s3_broken": { "File": "monitors.png", "Rect":"33,66,30,32",  "Center": "15,16" },
	"monitor_s2_intact":  { "File": "monitors.png", "Rect": "0,16,32,32", "Center": "16,16" },
	"monitor_s2_broken":  { "File": "monitors.png", "Rect": "31,16,33,32", "Center": "16,16" },
	"monitor_icon_ring":  { "File": "monitors.png", "Rect": "64,0,16,16", "Center": "8,9" },
	"monitor_icon_speedshoes":  { "File": "monitors.png", "Rect": "80,0,16,16", "Center": "8,9" },
	"monitor_speedshoes_tails":  { "File": "monitors.png", "Rect": "96,48,16,16", "Center": "8,9" },
	"monitor_speedshoes_knuckles":  { "File": "monitors.png", "Rect": "112,32,16,16", "Center": "8,9" },
	"monitor_icon_invincibility":  { "File": "monitors.png", "Rect": "96,0,16,16", "Center": "8,9" },
	"monitor_icon_super":  { "File": "monitors.png", "Rect": "112,0,16,16", "Center": "8,9" },
	"monitor_icon_lightningshield":  { "File": "monitors.png", "Rect": "64,16,16,16", "Center": "8,9" },
	"monitor_icon_fireshield":  { "File": "monitors.png", "Rect": "80,16,16,16", "Center": "8,9" },
	"monitor_icon_bubbleshield":  { "File": "monitors.png", "Rect": "96,16,16,16", "Center": "8,9" },
	"monitor_icon_classicshield":  { "File": "monitors.png", "Rect": "112,16,16,16", "Center": "8,9" },
	"monitor_icon_sonic":  { "File": "monitors.png", "Rect": "64,32,16,16", "Center": "8,9" },
	"monitor_icon_tails":  { "File": "monitors.png", "Rect": "80,32,16,16", "Center": "8,9" },
	"monitor_icon_knuckles":  { "File": "monitors.png", "Rect": "96,32,16,16", "Center": "8,9" },
	"monitor_icon_static":  { "File": "monitors.png", "Rect": "64,48,16,16", "Center": "9,9" },
	"monitor_icon_robotnik":  { "File": "monitors.png", "Rect": "80,48,16,16", "Center": "8,9" }
}