{	
	"ring_00": { "File": "rings.png", "Rect":  "0,0,16,16", "Center": "8,8" },
	"ring_01": { "File": "rings.png", "Rect": "16,0,16,16", "Center": "8,8" },
	"ring_02": { "File": "rings.png", "Rect": "32,0,16,16", "Center": "8,8" },
	"ring_03": { "File": "rings.png", "Rect": "48,0,16,16", "Center": "8,8" },
	"ring_04": { "File": "rings.png", "Rect": "64,0,16,16", "Center": "8,8" },
	"ring_05": { "File": "rings.png", "Rect": "80,0,16,16", "Center": "8,8" },
	"ring_06": { "File": "rings.png", "Rect": "96,0,16,16", "Center": "8,8" },
	"ring_07": { "File": "rings.png", "Rect":"112,0,16,16", "Center": "8,8" }
}
