{
	/* Unlike the vanilla classic shield animation, the front and back parts 
	 * of the animation are rendered at the same time. The front and back parts
	 * of the animation MUST have the same number of frames, or else the game
	 * will likely throw errors. Frames can point to blank/transparent data,
	 * so use this for empty frames. Frames can also point to the same part
	 * of the spritesheet multiple times, so you'd only need 1 blank spot
	 * in the spritesheet. The Classic shield can also have a practically 
	 * unlimited number of frames in its animation (up to 255). The values
	 * number of each frame must be in hexadecimal (0x0 ~ 0xf for 1 digit).
	 * You can look up a tutorial on hexadecimal, or refer to the guide
	 * in Separate Super/Hyper Sprites (which will eventually get ported
	 * to this mod).
	 * 
	 * TIPS:
	 * 
	 * To achieve the alternating frame effect used by the original, have 
	 * the back and front frames point to blank parts of the spritesheet 
	 * at different times (the front is blank while the back shows an 
	 * actual sprite and vice versa)
	 * 
	 * Since Mania's classic shield doesn't appear to have a back part,
	 * this shield doesn't have one either. You can use it as an example
	 * of how to have empty frames in an animation.
	 * 
	 * You could use a single 1x1 pixel for your blank frames. Just point
	 * it to any blank pixel in your spritesheet (likely 0, 0) and set
	 * the latter two values in "Rect" to 1, 1.
	 */
	  
	// Mania Classic Shield (front)
	"shield_classic_front_0x00": { "File": "shield_classic_front.png", "Rect": "0,0,48,48", "Center": "24,24" },
	"shield_classic_front_0x01": { "File": "shield_classic_front.png", "Rect": "50,0,48,48", "Center": "24,24" },
	"shield_classic_front_0x02": { "File": "shield_classic_front.png", "Rect": "100,0,48,48", "Center": "24,24" },
	"shield_classic_front_0x03": { "File": "shield_classic_front.png", "Rect": "150,0,48,48", "Center": "24,24" },
	"shield_classic_front_0x04": { "File": "shield_classic_front.png", "Rect": "200,0,48,48", "Center": "24,24" },
	"shield_classic_front_0x05": { "File": "shield_classic_front.png", "Rect": "250,0,48,48", "Center": "24,24" },
	"shield_classic_front_0x06": { "File": "shield_classic_front.png", "Rect": "300,0,48,48", "Center": "24,24" },
	"shield_classic_front_0x07": { "File": "shield_classic_front.png", "Rect": "350,0,48,48", "Center": "24,24" },
	
	// Mania Classic Shield (Back). Uses blank frames since Mania's animation doesn't have any.
	"shield_classic_back_0x00": { "File": "shield_classic_back.png", "Rect": "0,0,48,48", "Center": "24,24" },
	"shield_classic_back_0x01": { "File": "shield_classic_back.png", "Rect": "0,0,48,48", "Center": "24,24" },
	"shield_classic_back_0x02": { "File": "shield_classic_back.png", "Rect": "0,0,48,48", "Center": "24,24" },
	"shield_classic_back_0x03": { "File": "shield_classic_back.png", "Rect": "0,0,48,48", "Center": "24,24" },
	"shield_classic_back_0x04": { "File": "shield_classic_back.png", "Rect": "0,0,48,48", "Center": "24,24" },
	"shield_classic_back_0x05": { "File": "shield_classic_back.png", "Rect": "0,0,48,48", "Center": "24,24" },
	"shield_classic_back_0x06": { "File": "shield_classic_back.png", "Rect": "0,0,48,48", "Center": "24,24" },
	"shield_classic_back_0x07": { "File": "shield_classic_back.png", "Rect": "0,0,48,48", "Center": "24,24" }
}
