{
	// Bounce Downward
	"shield_bubble_bounce_down_0x00": { "File": "shield_bubble_bounce_down.png", "Rect": "0,0,74,48", "Center": "37,24" },
	"shield_bubble_bounce_down_0x01": { "File": "shield_bubble_bounce_down.png", "Rect": "76,0,74,48", "Center": "37,24" },
	"shield_bubble_bounce_down_0x02": { "File": "shield_bubble_bounce_down.png", "Rect": "152,0,74,48", "Center": "37,24" },
	"shield_bubble_bounce_down_0x03": { "File": "shield_bubble_bounce_down.png", "Rect": "228,0,74,48", "Center": "37,24" },
	
	// Bounce Upward
	"shield_bubble_bounce_up_0x00": { "File": "shield_bubble_bounce_up.png", "Rect": "0,0,74,48", "Center": "37,24" },
	"shield_bubble_bounce_up_0x01": { "File": "shield_bubble_bounce_up.png", "Rect": "76,0,74,48", "Center": "37,24" },
	"shield_bubble_bounce_up_0x02": { "File": "shield_bubble_bounce_up.png", "Rect": "152,0,74,48", "Center": "37,24" },
	"shield_bubble_bounce_up_0x03": { "File": "shield_bubble_bounce_up.png", "Rect": "228,0,74,48", "Center": "37,24" },
	"shield_bubble_bounce_up_0x04": { "File": "shield_bubble_bounce_up.png", "Rect": "304,0,74,48", "Center": "37,24" },
	"shield_bubble_bounce_up_0x05": { "File": "shield_bubble_bounce_up.png", "Rect": "380,0,74,48", "Center": "37,24" }
}
