{
	// Front half, when the shield is in front of Sonic (0x00 - 0x11)
	"shield_lightning_0x00": { "File": "shield_lightning.png", "Rect": "0,0,48,48", "Center": "24,24" },
	"shield_lightning_0x01": { "File": "shield_lightning.png", "Rect": "50,0,48,48", "Center": "24,24" },
	"shield_lightning_0x02": { "File": "shield_lightning.png", "Rect": "100,0,48,48", "Center": "24,24" },
	"shield_lightning_0x03": { "File": "shield_lightning.png", "Rect": "150,0,48,48", "Center": "24,24" },
	"shield_lightning_0x04": { "File": "shield_lightning.png", "Rect": "200,0,48,48", "Center": "24,24" },
	"shield_lightning_0x05": { "File": "shield_lightning.png", "Rect": "250,0,48,48", "Center": "24,24" },
	"shield_lightning_0x06": { "File": "shield_lightning.png", "Rect": "300,0,48,48", "Center": "24,24" },
	"shield_lightning_0x07": { "File": "shield_lightning.png", "Rect": "350,0,48,48", "Center": "24,24" },
	"shield_lightning_0x08": { "File": "shield_lightning.png", "Rect": "400,0,48,48", "Center": "24,24" },
	"shield_lightning_0x09": { "File": "shield_lightning_1.png", "Rect": "0,0,48,48", "Center": "24,24" },
	"shield_lightning_0x0a": { "File": "shield_lightning_1.png", "Rect": "50,0,48,48", "Center": "24,24" },
	"shield_lightning_0x0b": { "File": "shield_lightning_1.png", "Rect": "100,0,48,48", "Center": "24,24" },
	"shield_lightning_0x0c": { "File": "shield_lightning_1.png", "Rect": "150,0,48,48", "Center": "24,24" },
	"shield_lightning_0x0d": { "File": "shield_lightning_1.png", "Rect": "200,0,48,48", "Center": "24,24" },
	"shield_lightning_0x0e": { "File": "shield_lightning_1.png", "Rect": "250,0,48,48", "Center": "24,24" },
	"shield_lightning_0x0f": { "File": "shield_lightning_1.png", "Rect": "300,0,48,48", "Center": "24,24" },
	"shield_lightning_0x10": { "File": "shield_lightning_1.png", "Rect": "350,0,48,48", "Center": "24,24" },
	"shield_lightning_0x11": { "File": "shield_lightning_1.png", "Rect": "400,0,48,48", "Center": "24,24" },
	
	// Behind half, when the shield is behind Sonic (0x16 - 0x27)
	"shield_lightning_0x16": { "File": "shield_lightning_2.png", "Rect": "0,0,48,48", "Center": "24,24" },
	"shield_lightning_0x17": { "File": "shield_lightning_2.png", "Rect": "50,0,48,48", "Center": "24,24" },
	"shield_lightning_0x18": { "File": "shield_lightning_2.png", "Rect": "100,0,48,48", "Center": "24,24" },
	"shield_lightning_0x19": { "File": "shield_lightning_2.png", "Rect": "150,0,48,48", "Center": "24,24" },
	"shield_lightning_0x1a": { "File": "shield_lightning_2.png", "Rect": "200,0,48,48", "Center": "24,24" },
	"shield_lightning_0x1b": { "File": "shield_lightning_2.png", "Rect": "250,0,48,48", "Center": "24,24" },
	"shield_lightning_0x1c": { "File": "shield_lightning_2.png", "Rect": "300,0,48,48", "Center": "24,24" },
	"shield_lightning_0x1d": { "File": "shield_lightning_2.png", "Rect": "350,0,48,48", "Center": "24,24" },
	"shield_lightning_0x1e": { "File": "shield_lightning_2.png", "Rect": "400,0,48,48", "Center": "24,24" },
	"shield_lightning_0x1f": { "File": "shield_lightning_3.png", "Rect": "0,0,48,48", "Center": "24,24" },
	"shield_lightning_0x20": { "File": "shield_lightning_3.png", "Rect": "50,0,48,48", "Center": "24,24" },
	"shield_lightning_0x21": { "File": "shield_lightning_3.png", "Rect": "100,0,48,48", "Center": "24,24" },
	"shield_lightning_0x22": { "File": "shield_lightning_3.png", "Rect": "150,0,48,48", "Center": "24,24" },
	"shield_lightning_0x23": { "File": "shield_lightning_3.png", "Rect": "200,0,48,48", "Center": "24,24" },
	"shield_lightning_0x24": { "File": "shield_lightning_3.png", "Rect": "250,0,48,48", "Center": "24,24" },
	"shield_lightning_0x25": { "File": "shield_lightning_3.png", "Rect": "300,0,48,48", "Center": "24,24" },
	"shield_lightning_0x26": { "File": "shield_lightning_3.png", "Rect": "350,0,48,48", "Center": "24,24" },
	"shield_lightning_0x27": { "File": "shield_lightning_3.png", "Rect": "400,0,48,48", "Center": "24,24" },
	
	// Flash animation (normally 0x13 - 0x15 & 0x28 - 0x2a, but is now mapped to its own 6-frame animation)
	"shield_lightning_flash_0x00": { "File": "shield_lightning_flash.png", "Rect": "0,0,48,48", "Center": "24,24" },
	"shield_lightning_flash_0x01": { "File": "shield_lightning_flash.png", "Rect": "50,0,48,48", "Center": "24,24" },
	"shield_lightning_flash_0x02": { "File": "shield_lightning_flash.png", "Rect": "100,0,48,48", "Center": "24,24" },
	"shield_lightning_flash_0x03": { "File": "shield_lightning_flash.png", "Rect": "150,0,48,48", "Center": "24,24" },
	"shield_lightning_flash_0x04": { "File": "shield_lightning_flash.png", "Rect": "200,0,48,48", "Center": "24,24" },
	"shield_lightning_flash_0x05": { "File": "shield_lightning_flash.png", "Rect": "250,0,48,48", "Center": "24,24" }
}
