{
	// The "swoosh" part of the bubble shield. Rendered behind the bubble shield's frame.
	"shield_bubble_swoosh_0x00": { "File": "shield_bubble_swoosh.png", "Rect": "0,0,48,50", "Center": "24,25" },
	"shield_bubble_swoosh_0x01": { "File": "shield_bubble_swoosh.png", "Rect": "50,0,48,50", "Center": "24,25" },
	"shield_bubble_swoosh_0x02": { "File": "shield_bubble_swoosh.png", "Rect": "100,0,48,50", "Center": "24,25" },
	"shield_bubble_swoosh_0x03": { "File": "shield_bubble_swoosh.png", "Rect": "150,0,48,50", "Center": "24,25" },
	"shield_bubble_swoosh_0x04": { "File": "shield_bubble_swoosh.png", "Rect": "200,0,48,50", "Center": "24,25" },
	"shield_bubble_swoosh_0x05": { "File": "shield_bubble_swoosh.png", "Rect": "250,0,48,50", "Center": "24,25" },
	"shield_bubble_swoosh_0x06": { "File": "shield_bubble_swoosh.png", "Rect": "300,0,48,50", "Center": "24,25" },
	"shield_bubble_swoosh_0x07": { "File": "shield_bubble_swoosh.png", "Rect": "350,0,48,50", "Center": "24,25" },
	"shield_bubble_swoosh_0x08": { "File": "shield_bubble_swoosh.png", "Rect": "400,0,48,50", "Center": "24,25" },
	"shield_bubble_swoosh_0x09": { "File": "shield_bubble_swoosh_1.png", "Rect": "0,0,48,50", "Center": "24,25" },
	"shield_bubble_swoosh_0x0a": { "File": "shield_bubble_swoosh_1.png", "Rect": "50,0,48,50", "Center": "24,25" },
	"shield_bubble_swoosh_0x0b": { "File": "shield_bubble_swoosh_1.png", "Rect": "100,0,48,50", "Center": "24,25" },
	"shield_bubble_swoosh_0x0c": { "File": "shield_bubble_swoosh_1.png", "Rect": "150,0,48,50", "Center": "24,25" },
	"shield_bubble_swoosh_0x0d": { "File": "shield_bubble_swoosh_1.png", "Rect": "200,0,48,50", "Center": "24,25" },
	"shield_bubble_swoosh_0x0e": { "File": "shield_bubble_swoosh_1.png", "Rect": "250,0,48,50", "Center": "24,25" },
	"shield_bubble_swoosh_0x0f": { "File": "shield_bubble_swoosh_1.png", "Rect": "300,0,48,50", "Center": "24,25" },
	"shield_bubble_swoosh_0x10": { "File": "shield_bubble_swoosh_1.png", "Rect": "350,0,48,50", "Center": "24,25" },
	"shield_bubble_swoosh_0x11": { "File": "shield_bubble_swoosh_1.png", "Rect": "400,0,48,50", "Center": "24,25" }
}
