{
	/* Unlike the vanilla bubble shield animation, the border and "swoosh" 
	 * parts of the animation are rendered at the same time. The bubble 
	 * shield's border can also have a practically unlimited number of frames 
	 * in its animation (up to 255), tied to the framecounter. The number 
	 * of each frame must be in hexadecimal (0x0 ~ 0xf for 1 digit). You 
	 * can look up a tutorial on hexadecimal, or refer to the guide in 
	 * Separate Super/Hyper Sprites (which will eventually get ported to 
	 * this mod).
	 */
	 
	"shield_bubble_border_0x00": { "File": "shield_bubble_border.png", "Rect": "0,0,48,50", "Center": "24,25" },
	"shield_bubble_border_0x01": { "File": "shield_bubble_border.png", "Rect": "50,0,48,50", "Center": "24,25" },
	"shield_bubble_border_0x02": { "File": "shield_bubble_border.png", "Rect": "100,0,48,50", "Center": "24,25" },
	"shield_bubble_border_0x03": { "File": "shield_bubble_border.png", "Rect": "150,0,48,50", "Center": "24,25" },
	"shield_bubble_border_0x04": { "File": "shield_bubble_border.png", "Rect": "200,0,48,50", "Center": "24,25" },
	"shield_bubble_border_0x05": { "File": "shield_bubble_border.png", "Rect": "250,0,48,50", "Center": "24,25" },
	"shield_bubble_border_0x06": { "File": "shield_bubble_border.png", "Rect": "200,0,48,50", "Center": "24,25" },
	"shield_bubble_border_0x07": { "File": "shield_bubble_border.png", "Rect": "250,0,48,50", "Center": "24,25" },
	"shield_bubble_border_0x08": { "File": "shield_bubble_border.png", "Rect": "200,0,48,50", "Center": "24,25" },
	"shield_bubble_border_0x09": { "File": "shield_bubble_border.png", "Rect": "250,0,48,50", "Center": "24,25" },
	"shield_bubble_border_0x0a": { "File": "shield_bubble_border.png", "Rect": "300,0,48,50", "Center": "24,25" },
	"shield_bubble_border_0x0b": { "File": "shield_bubble_border.png", "Rect": "350,0,48,50", "Center": "24,25" },
	"shield_bubble_border_0x0c": { "File": "shield_bubble_border.png", "Rect": "400,0,48,50", "Center": "24,25" },
	"shield_bubble_border_0x0d": { "File": "shield_bubble_border.png", "Rect": "0,0,48,50", "Center": "24,25" },
	"shield_bubble_border_0x0e": { "File": "shield_bubble_border.png", "Rect": "50,0,48,50", "Center": "24,25" }
}
