{
	"shield_fire_0x00": { "File": "shield_fire.png", "Rect": "0,0,48,48", "Center": "24,24" },
	"shield_fire_0x01": { "File": "shield_fire.png", "Rect": "50,0,48,48", "Center": "24,24" },
	"shield_fire_0x02": { "File": "shield_fire.png", "Rect": "100,0,48,48", "Center": "24,24" },
	"shield_fire_0x03": { "File": "shield_fire.png", "Rect": "150,0,48,48", "Center": "24,24" },
	"shield_fire_0x04": { "File": "shield_fire.png", "Rect": "200,0,48,48", "Center": "24,24" },
	"shield_fire_0x05": { "File": "shield_fire.png", "Rect": "250,0,48,48", "Center": "24,24" },
	"shield_fire_0x06": { "File": "shield_fire.png", "Rect": "300,0,48,48", "Center": "24,24" },
	"shield_fire_0x07": { "File": "shield_fire.png", "Rect": "350,0,48,48", "Center": "24,24" },
	"shield_fire_0x08": { "File": "shield_fire.png", "Rect": "400,0,48,48", "Center": "24,24" },
	"shield_fire_0x09": { "File": "shield_fire.png", "Rect": "450,0,48,48", "Center": "24,24" },
	"shield_fire_0x0a": { "File": "shield_fire.png", "Rect": "500,0,48,48", "Center": "24,24" },
	"shield_fire_0x0b": { "File": "shield_fire.png", "Rect": "550,0,48,48", "Center": "24,24" },
	"shield_fire_0x0c": { "File": "shield_fire_1.png", "Rect": "0,0,48,48", "Center": "24,24" },
	"shield_fire_0x0d": { "File": "shield_fire_1.png", "Rect": "50,0,48,48", "Center": "24,24" },
	"shield_fire_0x0e": { "File": "shield_fire_1.png", "Rect": "100,0,48,48", "Center": "24,24" },
	"shield_fire_0x0f": { "File": "shield_fire_1.png", "Rect": "150,0,48,48", "Center": "24,24" },
	"shield_fire_0x10": { "File": "shield_fire_1.png", "Rect": "200,0,48,48", "Center": "24,24" },
	"shield_fire_0x11": { "File": "shield_fire_1.png", "Rect": "250,0,48,48", "Center": "24,24" },
	"shield_fire_0x12": { "File": "shield_fire_2.png", "Rect": "300,0,48,48", "Center": "24,24" },
	"shield_fire_0x13": { "File": "shield_fire_2.png", "Rect": "50,0,48,48", "Center": "24,24" },
	"shield_fire_0x14": { "File": "shield_fire_2.png", "Rect": "100,0,48,48", "Center": "24,24" },
	"shield_fire_0x15": { "File": "shield_fire_2.png", "Rect": "150,0,48,48", "Center": "24,24" },
	"shield_fire_0x16": { "File": "shield_fire_2.png", "Rect": "200,0,48,48", "Center": "24,24" },
	"shield_fire_0x17": { "File": "shield_fire_2.png", "Rect": "250,0,48,48", "Center": "24,24" },
	"shield_fire_0x18": { "File": "shield_fire_2.png", "Rect": "300,0,48,48", "Center": "24,24" },
	"shield_fire_0x19": { "File": "shield_fire_2.png", "Rect": "350,0,48,48", "Center": "24,24" },
	"shield_fire_0x1a": { "File": "shield_fire_2.png", "Rect": "400,0,48,48", "Center": "24,24" },
	"shield_fire_0x1b": { "File": "shield_fire_2.png", "Rect": "450,0,48,48", "Center": "24,24" },
	"shield_fire_0x1c": { "File": "shield_fire_2.png", "Rect": "500,0,48,48", "Center": "24,24" },
	"shield_fire_0x1d": { "File": "shield_fire_2.png", "Rect": "550,0,48,48", "Center": "24,24" },
	"shield_fire_0x1e": { "File": "shield_fire_2.png", "Rect": "600,0,48,48", "Center": "24,24" },
	"shield_fire_0x1f": { "File": "shield_fire_2.png", "Rect": "650,0,48,48", "Center": "24,24" },
	"shield_fire_0x20": { "File": "shield_fire_2.png", "Rect": "700,0,48,48", "Center": "24,24" },
	"shield_fire_0x21": { "File": "shield_fire_2.png", "Rect": "750,0,48,48", "Center": "24,24" },
	"shield_fire_0x22": { "File": "shield_fire_2.png", "Rect": "800,0,48,48", "Center": "24,24" },
	"shield_fire_0x23": { "File": "shield_fire_2.png", "Rect": "850,0,48,48", "Center": "24,24" }
}
