{
	// Fire shield dash
	"shield_fire_dash_0x00": { "File": "shield_fire_dash.png", "Rect": "0,0,85,62", "Center": "63,31" },
	"shield_fire_dash_0x01": { "File": "shield_fire_dash.png", "Rect": "87,0,85,62", "Center": "63,31" },
	"shield_fire_dash_0x02": { "File": "shield_fire_dash.png", "Rect": "174,0,85,62", "Center": "63,31" },
	"shield_fire_dash_0x03": { "File": "shield_fire_dash.png", "Rect": "261,0,85,62", "Center": "63,31" },
	"shield_fire_dash_0x04": { "File": "shield_fire_dash.png", "Rect": "348,0,85,62", "Center": "63,31" },
	"shield_fire_dash_0x05": { "File": "shield_fire_dash.png", "Rect": "435,0,85,62", "Center": "63,31" },
	"shield_fire_dash_0x06": { "File": "shield_fire_dash_1.png", "Rect": "0,0,85,62", "Center": "63,31" },
	"shield_fire_dash_0x07": { "File": "shield_fire_dash_1.png", "Rect": "87,0,85,62", "Center": "63,31" },
	"shield_fire_dash_0x08": { "File": "shield_fire_dash_1.png", "Rect": "174,0,85,62", "Center": "63,31" },
	"shield_fire_dash_0x09": { "File": "shield_fire_dash_1.png", "Rect": "261,0,85,62", "Center": "63,31" },
	"shield_fire_dash_0x0a": { "File": "shield_fire_dash_1.png", "Rect": "348,0,85,62", "Center": "63,31" },
	"shield_fire_dash_0x0b": { "File": "shield_fire_dash_1.png", "Rect": "435,0,85,62", "Center": "63,31" }
}                                                                         
