{
	"signs_0x00":  { "File": "goalplates.png", "Rect": "0,0,48,32", "Center": "24,16" },
	"signs_0x01":  { "File": "goalplates.png", "Rect": "48,0,48,32", "Center": "24,16" },
	"signs_0x02":  { "File": "goalplates.png", "Rect": "96,0,48,32", "Center": "24,16" },
	"signs_0x03":  { "File": "goalplates.png", "Rect": "144,0,48,32", "Center": "24,16" },
	"signs_0x04":  { "File": "goalplates.png", "Rect": "200,0,32,32", "Center": "16,16" },
	"signs_0x05":  { "File": "goalplates.png", "Rect": "260,0,8,32", "Center": "4,16" },
	"signs_0x06":  { "File": "goalplates.png", "Rect": "296,0,32,32", "Center": "16,16" },
	"pole_0x01":  { "File": "goalplates.png", "Rect": "378,4,24,24", "Center": "12,16" }
}