{
	"sonic_fan_0":  { "File": "character_sonic_fan.png", "Rect": "0,0,46,40", "Center": "23,19" },
	"sonic_fan_1":  { "File": "character_sonic_fan.png", "Rect": "47,0,46,40", "Center": "23,20" },
	"sonic_fan_2":  { "File": "character_sonic_fan.png", "Rect": "94,0,46,40", "Center": "23,20" },
	"sonic_fan_3":  { "File": "character_sonic_fan.png", "Rect": "141,0,46,40", "Center": "23,20" },
	"sonic_fan_4":  { "File": "character_sonic_fan.png", "Rect": "188,0,46,40", "Center": "23,19" },
	"sonic_fan_5":  { "File": "character_sonic_fan.png", "Rect": "235,0,46,40", "Center": "23,20" },
	"sonic_fan_6":  { "File": "character_sonic_fan.png", "Rect": "282,0,46,40", "Center": "23,20" },
	"sonic_fan_7":  { "File": "character_sonic_fan.png", "Rect": "329,0,46,40", "Center": "23,20" },
	"sonic_fan_8":  { "File": "character_sonic_fan.png", "Rect": "376,0,46,40", "Center": "23,20" },
	"sonic_fan_9":  { "File": "character_sonic_fan.png", "Rect": "423,0,46,40", "Center": "23,20" },
}
,20" },
	
	"supersonic_fan_0":  { "File": "character_supersonic_fan.bmp", "Rect": "0,0,46,40", "Center": "23,19" },
	"supersonic_fan_1":  { "File": "character_supersonic_fan.bmp", "Rect": "47,0,46,40", "Center": "23,20" },
	"supersonic_fan_2":  { "File": "character_supersonic_fan.bmp", "Rect": "94,0,46,40", "Center": "23,20" },
	"supersonic_fan_3":  { "File": "character_supersonic_fan.bmp", "Rect": "141,0,46,40", "Center": "23,20" },
	"supersonic_fan_4":  { "File": "character_supersonic_fan.bmp", "Rect": "188,0,46,40", "Center": "23,19" },
	"supersonic_fan_5":  { "File": "character_supersonic_fan.bmp", "Rect": "235,0,46,40", "Center": "23,20" },
	"supersonic_fan_6":  { "File": "character_supersonic_fan.bmp", "Rect": "282,0,46,40", "Center": "23,20" },
	"supersonic_fan_7":  { "File": "character_supersonic_fan.bmp", "Rect": "329,0,46,40", "Center": "23,20" },
	"supersonic_fan_8":  { "File": "character_supersonic_fan.bmp", "Rect": "376,0,46,40", "Center": "23,20" },
	"supersonic_fan_9":  { "File": "character_supersonic_fan.bmp", "Rect": "423,0,46,40", "Center": "23,20" }
}