{
	"sonic_push_0":  { "File": "character_sonic_push.png", "Rect": "0,0,40,40", "Center": "25,20" },
	"sonic_push_1":  { "File": "character_sonic_push.png", "Rect": "41,0,40,40", "Center": "25,20" },
	"sonic_push_2":  { "File": "character_sonic_push.png", "Rect": "82,0,40,40", "Center": "25,20" },
	"sonic_push_3":  { "File": "character_sonic_push.png", "Rect": "123,0,40,40", "Center": "25,20" },
	"sonic_push_4":  { "File": "character_sonic_push.png", "Rect": "164,0,40,40", "Center": "25,20" },
	"sonic_push_5":  { "File": "character_sonic_push.png", "Rect": "205,0,40,40", "Center": "25,20" },
	"sonic_push_6":  { "File": "character_sonic_push.png", "Rect": "246,0,40,40", "Center": "25,20" },
	"sonic_push_7":  { "File": "character_sonic_push.png", "Rect": "287,0,40,40", "Center": "25,20" },
	"sonic_push_8":  { "File": "character_sonic_push.png", "Rect": "328,0,40,40", "Center": "25,20" },
	"sonic_push_9":  { "File": "character_sonic_push.png", "Rect": "369,0,39,40", "Center": "24,20" },
}
,20" },
	
	"supersonic_push_0":  { "File": "character_supersonic_push.bmp", "Rect": "0,0,40,45", "Center": "26,25" },
	"supersonic_push_1":  { "File": "character_supersonic_push.bmp", "Rect": "41,0,40,45", "Center": "26,25" },
	"supersonic_push_2":  { "File": "character_supersonic_push.bmp", "Rect": "82,0,40,45", "Center": "26,25" },
	"supersonic_push_3":  { "File": "character_supersonic_push.bmp", "Rect": "123,0,40,45", "Center": "26,25" },
	"supersonic_push_4":  { "File": "character_supersonic_push.bmp", "Rect": "164,0,40,45", "Center": "26,25" },
	"supersonic_push_5":  { "File": "character_supersonic_push.bmp", "Rect": "205,0,40,45", "Center": "26,25" },
	"supersonic_push_6":  { "File": "character_supersonic_push.bmp", "Rect": "246,0,40,45", "Center": "26,25" },
	"supersonic_push_7":  { "File": "character_supersonic_push.bmp", "Rect": "287,0,40,45", "Center": "26,25" },
	"supersonic_push_8":  { "File": "character_supersonic_push.bmp", "Rect": "328,0,40,45", "Center": "26,25" },
	"supersonic_push_9":  { "File": "character_supersonic_push.bmp", "Rect": "369,0,40,45", "Center": "26,25" }
}