{
	"sonic_walk_0":  { "File": "character_sonic_walk.png", "Rect": "0,0,40,40", "Center": "20,20" },
	"sonic_walk_1":  { "File": "character_sonic_walk.png", "Rect": "41,0,40,40", "Center": "20,20" },
	"sonic_walk_2":  { "File": "character_sonic_walk.png", "Rect": "82,0,40,40", "Center": "20,20" },
	"sonic_walk_3":  { "File": "character_sonic_walk.png", "Rect": "123,0,40,40", "Center": "20,20" },
	"sonic_walk_4":  { "File": "character_sonic_walk.png", "Rect": "164,0,40,40", "Center": "20,20" },
	"sonic_walk_5":  { "File": "character_sonic_walk.png", "Rect": "205,0,40,40", "Center": "20,20" },
	"sonic_walk_6":  { "File": "character_sonic_walk.png", "Rect": "246,0,40,40", "Center": "20,20" },
	"sonic_walk_7":  { "File": "character_sonic_walk.png", "Rect": "287,0,40,40", "Center": "20,20" },
	"sonic_walk_8":  { "File": "character_sonic_walk.png", "Rect": "328,0,40,40", "Center": "20,20" },
	"sonic_walk_9":  { "File": "character_sonic_walk.png", "Rect": "369,0,40,40", "Center": "20,20" },
	"sonic_walk_10":  { "File": "character_sonic_walk.png", "Rect": "410,0,40,40", "Center": "20,20" },
	"sonic_walk_11":  { "File": "character_sonic_walk.png", "Rect": "451,0,40,40", "Center": "20,20" },
}
", "Center": "21,25" }
}
"File": "character_supersonic_walk.bmp", "Rect": "0,0,40,45", "Center": "21,25" },
	"supersonic_walk_1":  { "File": "character_supersonic_walk.bmp", "Rect": "41,0,40,45", "Center": "21,25" },
	"supersonic_walk_2":  { "File": "character_supersonic_walk.bmp", "Rect": "82,0,40,45", "Center": "21,25" },
	"supersonic_walk_3":  { "File": "character_supersonic_walk.bmp", "Rect": "123,0,40,45", "Center": "21,25" },
	"supersonic_walk_4":  { "File": "character_supersonic_walk.bmp", "Rect": "164,0,40,45", "Center": "21,25" },
	"supersonic_walk_5":  { "File": "character_supersonic_walk.bmp", "Rect": "205,0,40,45", "Center": "21,25" },
	"supersonic_walk_6":  { "File": "character_supersonic_walk.bmp", "Rect": "246,0,40,45", "Center": "21,25" },
	"supersonic_walk_7":  { "File": "character_supersonic_walk.bmp", "Rect": "287,0,40,45", "Center": "21,25" },
	"supersonic_walk_8":  { "File": "character_supersonic_walk.bmp", "Rect": "328,0,40,45", "Center": "21,25" },
	"supersonic_walk_9":  { "File": "character_supersonic_walk.bmp", "Rect": "369,0,40,45", "Center": "21,25" },
	"supersonic_walk_10":  { "File": "character_supersonic_walk.bmp", "Rect": "410,0,40,45", "Center": "21,25" },
	"supersonic_walk_11":  { "File": "character_supersonic_walk.bmp", "Rect": "451,0,40,45", "Center": "21,25" }
}
", "Center": "21,25" }
}