{
	"sonic_jog_0":  { "File": "character_sonic_jog.png", "Rect": "0,0,40,40", "Center": "25,20" },
	"sonic_jog_1":  { "File": "character_sonic_jog.png", "Rect": "41,0,40,40", "Center": "25,20" },
	"sonic_jog_2":  { "File": "character_sonic_jog.png", "Rect": "82,0,40,40", "Center": "25,20" },
	"sonic_jog_3":  { "File": "character_sonic_jog.png", "Rect": "123,0,40,40", "Center": "25,20" },
	"sonic_jog_4":  { "File": "character_sonic_jog.png", "Rect": "164,0,40,40", "Center": "25,20" },
	"sonic_jog_5":  { "File": "character_sonic_jog.png", "Rect": "205,0,40,40", "Center": "25,20" },
	"sonic_jog_6":  { "File": "character_sonic_jog.png", "Rect": "246,0,40,40", "Center": "25,20" },
	"sonic_jog_7":  { "File": "character_sonic_jog.png", "Rect": "287,0,40,40", "Center": "25,20" },
	"sonic_jog_8":  { "File": "character_sonic_jog.png", "Rect": "328,0,40,40", "Center": "25,20" },
	"sonic_jog_9":  { "File": "character_sonic_jog.png", "Rect": "369,0,39,40", "Center": "24,20" },
}
Center": "26,25" }
}
 { "File": "character_supersonic_jog.bmp", "Rect": "0,0,40,45", "Center": "26,25" },
	"supersonic_jog_1":  { "File": "character_supersonic_jog.bmp", "Rect": "41,0,40,45", "Center": "26,25" },
	"supersonic_jog_2":  { "File": "character_supersonic_jog.bmp", "Rect": "82,0,40,45", "Center": "26,25" },
	"supersonic_jog_3":  { "File": "character_supersonic_jog.bmp", "Rect": "123,0,40,45", "Center": "26,25" },
	"supersonic_jog_4":  { "File": "character_supersonic_jog.bmp", "Rect": "164,0,40,45", "Center": "26,25" },
	"supersonic_jog_5":  { "File": "character_supersonic_jog.bmp", "Rect": "205,0,40,45", "Center": "26,25" },
	"supersonic_jog_6":  { "File": "character_supersonic_jog.bmp", "Rect": "246,0,40,45", "Center": "26,25" },
	"supersonic_jog_7":  { "File": "character_supersonic_jog.bmp", "Rect": "287,0,40,45", "Center": "26,25" },
	"supersonic_jog_8":  { "File": "character_supersonic_jog.bmp", "Rect": "328,0,40,45", "Center": "26,25" },
	"supersonic_jog_9":  { "File": "character_supersonic_jog.bmp", "Rect": "369,0,40,45", "Center": "26,25" }
}
Center": "26,25" }
}