{
	"sonic_run_0":  { "File": "character_sonic_run.png", "Rect": "0,0,40,40", "Center": "25,20" },
	"sonic_run_1":  { "File": "character_sonic_run.png", "Rect": "41,0,40,40", "Center": "25,20" },
	"sonic_run_2":  { "File": "character_sonic_run.png", "Rect": "82,0,40,40", "Center": "25,20" },
	"sonic_run_3":  { "File": "character_sonic_run.png", "Rect": "123,0,40,40", "Center": "25,20" },
	"sonic_run_4":  { "File": "character_sonic_run.png", "Rect": "164,0,40,40", "Center": "25,20" },
	"sonic_run_5":  { "File": "character_sonic_run.png", "Rect": "205,0,40,40", "Center": "25,20" },
	"sonic_run_6":  { "File": "character_sonic_run.png", "Rect": "246,0,40,40", "Center": "25,20" },
	"sonic_run_7":  { "File": "character_sonic_run.png", "Rect": "287,0,40,40", "Center": "25,20" },
}
er": "26,25" }
}
0":  { "File": "character_supersonic_run.bmp", "Rect": "0,0,40,45", "Center": "26,25" },
	"supersonic_run_1":  { "File": "character_supersonic_run.bmp", "Rect": "41,0,40,45", "Center": "26,25" },
	"supersonic_run_2":  { "File": "character_supersonic_run.bmp", "Rect": "82,0,40,45", "Center": "26,25" },
	"supersonic_run_3":  { "File": "character_supersonic_run.bmp", "Rect": "123,0,40,45", "Center": "26,25" },
	"supersonic_run_4":  { "File": "character_supersonic_run.bmp", "Rect": "164,0,40,45", "Center": "26,25" },
	"supersonic_run_5":  { "File": "character_supersonic_run.bmp", "Rect": "205,0,40,45", "Center": "26,25" },
	"supersonic_run_6":  { "File": "character_supersonic_run.bmp", "Rect": "246,0,40,45", "Center": "26,25" },
	"supersonic_run_7":  { "File": "character_supersonic_run.bmp", "Rect": "287,0,40,45", "Center": "26,25" }
}
er": "26,25" }
}