{
	"sonic_airwalk_0":  { "File": "character_sonic_airwalk.png", "Rect": "0,0,40,45", "Center": "20,20" },
	"sonic_airwalk_1":  { "File": "character_sonic_airwalk.png", "Rect": "41,0,40,45", "Center": "20,20" },
	"sonic_airwalk_2":  { "File": "character_sonic_airwalk.png", "Rect": "82,0,40,45", "Center": "20,20" },
	"sonic_airwalk_3":  { "File": "character_sonic_airwalk.png", "Rect": "123,0,40,45", "Center": "20,20" },
	"sonic_airwalk_4":  { "File": "character_sonic_airwalk.png", "Rect": "164,0,40,45", "Center": "20,20" },
	"sonic_airwalk_5":  { "File": "character_sonic_airwalk.png", "Rect": "205,0,40,45", "Center": "20,20" },
	"sonic_airwalk_6":  { "File": "character_sonic_airwalk.png", "Rect": "246,0,40,45", "Center": "20,20" },
	"sonic_airwalk_7":  { "File": "character_sonic_airwalk.png", "Rect": "287,0,40,45", "Center": "20,20" },
	"sonic_airwalk_8":  { "File": "character_sonic_airwalk.png", "Rect": "328,0,40,45", "Center": "20,20" },
	"sonic_airwalk_9":  { "File": "character_sonic_airwalk.png", "Rect": "369,0,40,45", "Center": "20,20" },
	"sonic_airwalk_10":  { "File": "character_sonic_airwalk.png", "Rect": "410,0,40,45", "Center": "20,20" },
	"sonic_airwalk_11":  { "File": "character_sonic_airwalk.png", "Rect": "451,0,40,45", "Center": "20,20" },
}
20,20" },
	
	"supersonic_airwalk_0":  { "File": "character_supersonic_airwalk.bmp", "Rect": "0,0,40,50", "Center": "21,19" },
	"supersonic_airwalk_1":  { "File": "character_supersonic_airwalk.bmp", "Rect": "41,0,40,50", "Center": "21,19" },
	"supersonic_airwalk_2":  { "File": "character_supersonic_airwalk.bmp", "Rect": "82,0,40,50", "Center": "21,19" },
	"supersonic_airwalk_3":  { "File": "character_supersonic_airwalk.bmp", "Rect": "123,0,40,50", "Center": "21,19" },
	"supersonic_airwalk_4":  { "File": "character_supersonic_airwalk.bmp", "Rect": "164,0,40,50", "Center": "21,19" },
	"supersonic_airwalk_5":  { "File": "character_supersonic_airwalk.bmp", "Rect": "205,0,40,50", "Center": "21,19" },
	"supersonic_airwalk_6":  { "File": "character_supersonic_airwalk.bmp", "Rect": "246,0,40,50", "Center": "21,19" },
	"supersonic_airwalk_7":  { "File": "character_supersonic_airwalk.bmp", "Rect": "287,0,40,50", "Center": "21,19" },
	"supersonic_airwalk_8":  { "File": "character_supersonic_airwalk.bmp", "Rect": "328,0,40,50", "Center": "21,19" },
	"supersonic_airwalk_9":  { "File": "character_supersonic_airwalk.bmp", "Rect": "369,0,40,50", "Center": "21,19" },
	"supersonic_airwalk_10":  { "File": "character_supersonic_airwalk.bmp", "Rect": "410,0,40,50", "Center": "21,19" },
	"supersonic_airwalk_11":  { "File": "character_supersonic_airwalk.bmp", "Rect": "451,0,40,50", "Center": "21,19" }
}