{
	"specialring_0x01":  { "File": "specialring1.png", "Rect": "0,0,113,90", "Center": "56,45" },
	"specialring_0x02":  { "File": "specialring1.png", "Rect": "0,90,113,90", "Center": "56,45" },
	"specialring_0x03":  { "File": "specialring1.png", "Rect": "0,180,113,90", "Center": "56,45" },
	"specialring_0x04":  { "File": "specialring1.png", "Rect": "0,270,113,90", "Center": "56,45" },
	"specialring_0x05":  { "File": "specialring1.png", "Rect": "0,360,113,90", "Center": "56,45" },
	"specialring_0x06":  { "File": "specialring1.png", "Rect": "0,450,113,90", "Center": "56,45" },
	"specialring_0x07":  { "File": "specialring1.png", "Rect": "0,540,113,90", "Center": "56,45" },
	"specialring_0x08":  { "File": "specialring1.png", "Rect": "0,630,113,90", "Center": "56,45" },
	"specialring_0x09":  { "File": "specialring1.png", "Rect": "0,720,113,90", "Center": "56,45" },
	"specialring_0x0a":  { "File": "specialring1.png", "Rect": "0,810,113,90", "Center": "56,45" },
	"specialring_0x0b":  { "File": "specialring1.png", "Rect": "0,900,113,90", "Center": "56,45" },
	"specialring_0x0c":  { "File": "specialring2.png", "Rect": "0,0,113,90", "Center": "56,45" },
	"specialring_0x0d":  { "File": "specialring2.png", "Rect": "0,90,113,90", "Center": "56,45" },
	"specialring_0x0e":  { "File": "specialring2.png", "Rect": "0,180,113,90", "Center": "56,45" },
	"specialring_0x0f":  { "File": "specialring2.png", "Rect": "0,270,113,90", "Center": "56,45" },
	"specialring_0x10":  { "File": "specialring2.png", "Rect": "0,360,113,90", "Center": "56,45" },
	"specialring_0x11":  { "File": "specialring2.png", "Rect": "0,450,113,90", "Center": "56,45" },
	"specialring_0x12":  { "File": "specialring2.png", "Rect": "0,540,113,90", "Center": "56,45" },
	"specialring_0x13":  { "File": "specialring2.png", "Rect": "0,630,113,90", "Center": "56,45" },
	"specialring_0x14":  { "File": "specialring2.png", "Rect": "0,720,113,90", "Center": "56,45" },
	"specialring_0x15":  { "File": "specialring2.png", "Rect": "0,810,113,90", "Center": "56,45" },
	"specialring_0x16":  { "File": "specialring2.png", "Rect": "0,900,113,90", "Center": "56,45" },
	"specialring_0x17":  { "File": "specialring3.png", "Rect": "0,0,113,90", "Center": "56,45" },
	"specialring_0x18":  { "File": "specialring3.png", "Rect": "0,90,113,90", "Center": "56,45" },
	"specialring_0x19":  { "File": "specialring3.png", "Rect": "0,180,113,90", "Center": "56,45" },
	"specialring_0x1a":  { "File": "specialring3.png", "Rect": "0,270,113,90", "Center": "56,45" },
	"specialring_0x1b":  { "File": "specialring3.png", "Rect": "0,360,113,90", "Center": "56,45" },
	"specialring_0x1c":  { "File": "specialring3.png", "Rect": "0,450,113,90", "Center": "56,45" },
	"specialring_0x1d":  { "File": "specialring3.png", "Rect": "0,540,113,90", "Center": "56,45" },
	"specialring_0x1e":  { "File": "specialring3.png", "Rect": "0,630,113,90", "Center": "56,45" },
	"specialring_0x1f":  { "File": "specialring3.png", "Rect": "0,720,113,90", "Center": "56,45" },
	"specialring_0x20":  { "File": "specialring3.png", "Rect": "0,810,113,90", "Center": "56,45" },
	"specialring_0x21":  { "File": "specialring3.png", "Rect": "0,900,113,90", "Center": "56,45" },
	"specialring_0x22":  { "File": "specialring4.png", "Rect": "0,0,113,90", "Center": "56,45" },
	"specialring_0x23":  { "File": "specialring4.png", "Rect": "0,90,113,90", "Center": "56,45" },
	"specialring_0x24":  { "File": "specialring4.png", "Rect": "0,180,113,90", "Center": "56,45" },
	"specialring_0x25":  { "File": "specialring4.png", "Rect": "0,270,113,90", "Center": "56,45" },
	"specialring_0x26":  { "File": "specialring4.png", "Rect": "0,360,113,90", "Center": "56,45" },
	"specialring_0x27":  { "File": "specialring4.png", "Rect": "0,450,113,90", "Center": "56,45" },
	"specialring_0x28":  { "File": "specialring4.png", "Rect": "0,540,113,90", "Center": "56,45" },
	"specialring_0x29":  { "File": "specialring4.png", "Rect": "0,630,113,90", "Center": "56,45" },
	"specialring_0x2a":  { "File": "specialring4.png", "Rect": "0,720,113,90", "Center": "56,45" },
	"specialring_0x2b":  { "File": "specialring4.png", "Rect": "0,810,113,90", "Center": "56,45" },
	"specialring_0x2c":  { "File": "specialring4.png", "Rect": "0,900,113,90", "Center": "56,45" },
	"specialring_0x2d":  { "File": "specialring5.png", "Rect": "0,0,113,90", "Center": "56,45" },
	"specialring_0x2e":  { "File": "specialring5.png", "Rect": "0,90,113,90", "Center": "56,45" },
	"specialring_0x2f":  { "File": "specialring5.png", "Rect": "0,180,113,90", "Center": "56,45" },
	"specialring_0x30":  { "File": "specialring5.png", "Rect": "0,270,113,90", "Center": "56,45" },
	"specialring_0x31":  { "File": "specialring5.png", "Rect": "0,360,113,90", "Center": "56,45" },
	"specialring_0x32":  { "File": "specialring5.png", "Rect": "0,450,113,90", "Center": "56,45" },
	"specialring_0x33":  { "File": "specialring5.png", "Rect": "0,540,113,90", "Center": "56,45" },
	"specialring_0x34":  { "File": "specialring5.png", "Rect": "0,630,113,90", "Center": "56,45" },
	"specialring_0x35":  { "File": "specialring5.png", "Rect": "0,720,113,90", "Center": "56,45" },
	"specialring_0x36":  { "File": "specialring5.png", "Rect": "0,810,113,90", "Center": "56,45" },
	"specialring_0x37":  { "File": "specialring5.png", "Rect": "0,900,113,90", "Center": "56,45" },
	"specialring_0x38":  { "File": "specialring6.png", "Rect": "0,0,113,90", "Center": "56,45" },
	"specialring_0x39":  { "File": "specialring6.png", "Rect": "0,90,113,90", "Center": "56,45" },
	"specialring_0x3a":  { "File": "specialring6.png", "Rect": "0,180,113,90", "Center": "56,45" },
	"specialring_0x3b":  { "File": "specialring6.png", "Rect": "0,270,113,90", "Center": "56,45" },
	"specialring_0x3c":  { "File": "specialring6.png", "Rect": "0,360,113,90", "Center": "56,45" },
	"specialring_0x3d":  { "File": "specialring6.png", "Rect": "0,450,113,90", "Center": "56,45" },
	"specialring_0x3e":  { "File": "specialring6.png", "Rect": "0,540,113,90", "Center": "56,45" },
	"specialring_0x3f":  { "File": "specialring6.png", "Rect": "0,630,113,90", "Center": "56,45" },
	"specialring_0x40":  { "File": "specialring6.png", "Rect": "0,720,113,90", "Center": "56,45" },
	"specialring_0x41":  { "File": "specialring6.png", "Rect": "0,810,113,90", "Center": "56,45" },
	"specialring_0x42":  { "File": "specialring6.png", "Rect": "0,900,113,90", "Center": "56,45" },
	"specialring_0x43":  { "File": "specialring7.png", "Rect": "0,0,113,90", "Center": "56,45" },
	"specialring_0x44":  { "File": "specialring7.png", "Rect": "0,90,113,90", "Center": "56,45" },
	"specialring_0x45":  { "File": "specialring7.png", "Rect": "0,180,113,90", "Center": "56,45" },
	"specialring_0x46":  { "File": "specialring7.png", "Rect": "0,270,113,90", "Center": "56,45" },
	"specialring_0x47":  { "File": "specialring7.png", "Rect": "0,360,113,90", "Center": "56,45" },
	"specialring_0x48":  { "File": "specialring7.png", "Rect": "0,450,113,90", "Center": "56,45" },
	"specialring_0x49":  { "File": "specialring7.png", "Rect": "0,540,113,90", "Center": "56,45" },
	"specialring_0x4a":  { "File": "specialring7.png", "Rect": "0,630,113,90", "Center": "56,45" },
	"specialring_0x4b":  { "File": "specialring7.png", "Rect": "0,720,113,90", "Center": "56,45" },
	"specialring_0x4c":  { "File": "specialring7.png", "Rect": "0,810,113,90", "Center": "56,45" },
	"specialring_0x4d":  { "File": "specialring7.png", "Rect": "0,900,113,90", "Center": "56,45" },
	"specialring_0x4e":  { "File": "specialring8.png", "Rect": "0,0,113,90", "Center": "56,45" },
	"specialring_0x4f":  { "File": "specialring8.png", "Rect": "0,90,113,90", "Center": "56,45" },
	"specialring_0x50":  { "File": "specialring8.png", "Rect": "0,180,113,90", "Center": "56,45" },
	"specialring_0x51":  { "File": "specialring8.png", "Rect": "0,270,113,90", "Center": "56,45" },
	"specialring_0x52":  { "File": "specialring8.png", "Rect": "0,360,113,90", "Center": "56,45" },
	"specialring_0x53":  { "File": "specialring8.png", "Rect": "0,450,113,90", "Center": "56,45" },
	"specialring_0x54":  { "File": "specialring8.png", "Rect": "0,540,113,90", "Center": "56,45" },
	"specialring_0x55":  { "File": "specialring8.png", "Rect": "0,630,113,90", "Center": "56,45" },
	"specialring_0x56":  { "File": "specialring8.png", "Rect": "0,720,113,90", "Center": "56,45" },
	"specialring_0x57":  { "File": "specialring8.png", "Rect": "0,810,113,90", "Center": "56,45" },
	"specialring_0x58":  { "File": "specialring8.png", "Rect": "0,900,113,90", "Center": "56,45" },
	"specialring_0x59":  { "File": "specialring9.png", "Rect": "0,0,113,90", "Center": "56,45" },
	"specialring_0x5a":  { "File": "specialring9.png", "Rect": "0,90,113,90", "Center": "56,45" },
	"specialring_0x5b":  { "File": "specialring9.png", "Rect": "0,180,113,90", "Center": "56,45" },
	"specialring_0x5c":  { "File": "specialring9.png", "Rect": "0,270,113,90", "Center": "56,45" },
	"specialring_0x5e":  { "File": "specialring9.png", "Rect": "0,360,113,90", "Center": "56,45" },
	"specialring_0x5f":  { "File": "specialring9.png", "Rect": "0,450,113,90", "Center": "56,45" },
	"specialring_0x60":  { "File": "specialring9.png", "Rect": "0,540,113,90", "Center": "56,45" },
	"specialring_0x61":  { "File": "specialring9.png", "Rect": "0,630,113,90", "Center": "56,45" },
	"specialring_0x62":  { "File": "specialring9.png", "Rect": "0,720,113,90", "Center": "56,45" },
	"specialring_0x63":  { "File": "specialring9.png", "Rect": "0,810,113,90", "Center": "56,45" },
	"specialring_0x64":  { "File": "specialring9.png", "Rect": "0,900,113,90", "Center": "56,45" },
	"specialring_0x65":  { "File": "specialring10.png", "Rect": "0,0,113,90", "Center": "56,45" },
	"specialring_0x66":  { "File": "specialring10.png", "Rect": "0,90,113,90", "Center": "56,45" },
	"specialring_0x67":  { "File": "specialring10.png", "Rect": "0,180,113,90", "Center": "56,45" },
	"specialring_0x68":  { "File": "specialring10.png", "Rect": "0,270,113,90", "Center": "56,45" },
	"specialring_0x69":  { "File": "specialring10.png", "Rect": "0,360,113,90", "Center": "56,45" },
	"specialring_0x6a":  { "File": "specialring10.png", "Rect": "0,450,113,90", "Center": "56,45" },
	"specialring_0x6b":  { "File": "specialring10.png", "Rect": "0,540,113,90", "Center": "56,45" },
	"specialring_0x6c":  { "File": "specialring10.png", "Rect": "0,630,113,90", "Center": "56,45" },
	"specialring_0x6d":  { "File": "specialring10.png", "Rect": "0,720,113,90", "Center": "56,45" },
	"specialring_0x6e":  { "File": "specialring10.png", "Rect": "0,810,113,90", "Center": "56,45" },
	"specialring_0x6f":  { "File": "specialring10.png", "Rect": "0,900,113,90", "Center": "56,45" },
	"specialring_0x70":  { "File": "specialring11.png", "Rect": "0,0,113,90", "Center": "56,45" },
	"specialring_0x71":  { "File": "specialring11.png", "Rect": "0,90,113,90", "Center": "56,45" },
	"specialring_0x72":  { "File": "specialring11.png", "Rect": "0,180,113,90", "Center": "56,45" },
	"specialring_0x73":  { "File": "specialring11.png", "Rect": "0,270,113,90", "Center": "56,45" },
	"specialring_0x74":  { "File": "specialring11.png", "Rect": "0,360,113,90", "Center": "56,45" },
	"specialring_0x75":  { "File": "specialring2.png", "Rect": "0,450,113,90", "Center": "56,45" },
	"specialring_0x76":  { "File": "specialring11.png", "Rect": "0,540,113,90", "Center": "56,45" },
	"specialring_0x77":  { "File": "specialring11.png", "Rect": "0,630,113,90", "Center": "56,45" },
	"specialring_0x78":  { "File": "specialring11.png", "Rect": "0,720,113,90", "Center": "56,45" },
	"specialring_0x79":  { "File": "specialring11.png", "Rect": "0,810,113,90", "Center": "56,45" },
	"specialring_0x7a":  { "File": "specialring11.png", "Rect": "0,900,113,90", "Center": "56,45" },
	"specialring_0x7b":  { "File": "specialring12.png", "Rect": "0,0,113,90", "Center": "56,45" },
	"specialring_0x7c":  { "File": "specialring12.png", "Rect": "0,90,113,90", "Center": "56,45" },
	"specialring_0x7e":  { "File": "specialring12.png", "Rect": "0,180,113,90", "Center": "56,45" },
	"specialring_0x7f":  { "File": "specialring12.png", "Rect": "0,270,113,90", "Center": "56,45" },
	"specialring_0x80":  { "File": "specialring12.png", "Rect": "0,360,113,90", "Center": "56,45" },
	"specialring_0x81":  { "File": "specialring12.png", "Rect": "0,450,113,90", "Center": "56,45" },
	"specialring_0x82":  { "File": "specialring12.png", "Rect": "0,540,113,90", "Center": "56,45" },
	"specialring_0x83":  { "File": "specialring12.png", "Rect": "0,630,113,90", "Center": "56,45" },
	"specialring_0x84":  { "File": "specialring12.png", "Rect": "0,720,113,90", "Center": "56,45" },
	"specialring_0x85":  { "File": "specialring12.png", "Rect": "0,810,113,90", "Center": "56,45" },
	"specialring_0x86":  { "File": "specialring12.png", "Rect": "0,900,113,90", "Center": "56,45" },
	"specialring_0x87":  { "File": "specialring13.png", "Rect": "0,0,113,90", "Center": "56,45" },
	"specialring_0x88":  { "File": "specialring13.png", "Rect": "0,90,113,90", "Center": "56,45" },
	"specialring_0x89":  { "File": "specialring13.png", "Rect": "0,180,113,90", "Center": "56,45" },
	"specialring_0x8a":  { "File": "specialring13.png", "Rect": "0,270,113,90", "Center": "56,45" },
	"specialring_0x8b":  { "File": "specialring13.png", "Rect": "0,360,113,90", "Center": "56,45" },
	"specialring_0x8c":  { "File": "specialring13.png", "Rect": "0,450,113,90", "Center": "56,45" },
	"specialring_0x8e":  { "File": "specialring13.png", "Rect": "0,540,113,90", "Center": "56,45" },
	"specialring_0x8f":  { "File": "specialring13.png", "Rect": "0,630,113,90", "Center": "56,45" },
	"specialring_0x90":  { "File": "specialring13.png", "Rect": "0,720,113,90", "Center": "56,45" },
	"specialring_0x91":  { "File": "specialring13.png", "Rect": "0,810,113,90", "Center": "56,45" },
	"specialring_0x92":  { "File": "specialring13.png", "Rect": "0,900,113,90", "Center": "56,45" },
	"specialring_0x93":  { "File": "specialring14.png", "Rect": "0,0,113,90", "Center": "56,45" },
	"specialring_0x94":  { "File": "specialring14.png", "Rect": "0,90,113,90", "Center": "56,45" },
	"specialring_0x95":  { "File": "specialring14.png", "Rect": "0,180,113,90", "Center": "56,45" },
	"specialring_0x96":  { "File": "specialring14.png", "Rect": "0,270,113,90", "Center": "56,45" },
	"specialring_0x97":  { "File": "specialring14.png", "Rect": "0,360,113,90", "Center": "56,45" },
	"specialring_0x98":  { "File": "specialring14.png", "Rect": "0,450,113,90", "Center": "56,45" },
	"specialring_0x99":  { "File": "specialring14.png", "Rect": "0,540,113,90", "Center": "56,45" },
	"specialring_0x9a":  { "File": "specialring14.png", "Rect": "0,630,113,90", "Center": "56,45" },
	"specialring_0x9b":  { "File": "specialring14.png", "Rect": "0,720,113,90", "Center": "56,45" },
	"specialring_0x9c":  { "File": "specialring14.png", "Rect": "0,810,113,90", "Center": "56,45" },
	"specialring_0x9d":  { "File": "specialring14.png", "Rect": "0,900,113,90", "Center": "56,45" },
	"specialring_0x9e":  { "File": "specialring15.png", "Rect": "0,0,113,90", "Center": "56,45" },
	"specialring_0x9f":  { "File": "specialring15.png", "Rect": "0,90,113,90", "Center": "56,45" },
	"specialring_0xa0":  { "File": "specialring15.png", "Rect": "0,180,113,90", "Center": "56,45" },
	"specialring_0xa1":  { "File": "specialring15.png", "Rect": "0,270,113,90", "Center": "56,45" },
	"specialring_0xa2":  { "File": "specialring15.png", "Rect": "0,360,113,90", "Center": "56,45" },
	"specialring_0xa3":  { "File": "specialring15.png", "Rect": "0,450,113,90", "Center": "56,45" },
	"specialring_0xa4":  { "File": "specialring15.png", "Rect": "0,540,113,90", "Center": "56,45" },
	"specialring_0xa5":  { "File": "specialring15.png", "Rect": "0,630,113,90", "Center": "56,45" },
	"specialring_0xa6":  { "File": "specialring15.png", "Rect": "0,720,113,90", "Center": "56,45" },
	"specialring_0xa7":  { "File": "specialring15.png", "Rect": "0,810,113,90", "Center": "56,45" },
	"specialring_0xa8":  { "File": "specialring15.png", "Rect": "0,900,113,90", "Center": "56,45" },
	"specialring_0xa9":  { "File": "specialring16.png", "Rect": "0,0,113,90", "Center": "56,45" },
	"specialring_0xaa":  { "File": "specialring16.png", "Rect": "0,90,113,90", "Center": "56,45" },
	"specialring_0xab":  { "File": "specialring16.png", "Rect": "0,180,113,90", "Center": "56,45" },
	"specialring_0xac":  { "File": "specialring16.png", "Rect": "0,270,113,90", "Center": "56,45" },
	"specialring_0xad":  { "File": "specialring16.png", "Rect": "0,360,113,90", "Center": "56,45" },
	"specialring_0xae":  { "File": "specialring16.png", "Rect": "0,450,113,90", "Center": "56,45" }
}