{
	"ring_s1_00":  { "File": "rings_s1.png", "Rect": "0,0,16,16", "Center": "8,8" },
	"ring_s1_01":  { "File": "rings_s1.png", "Rect": "16,0,16,16", "Center": "8,8" },
	"ring_s1_02":  { "File": "rings_s1.png", "Rect": "32,0,16,16", "Center": "8,8" },
	"ring_s1_03":  { "File": "rings_s1.png", "Rect": "48,0,16,16", "Center": "8,8" },
	"ring_s1_04":  { "File": "rings_s1.png", "Rect": "64,0,16,16", "Center": "8,8" },
	"ring_s1_05":  { "File": "rings_s1.png", "Rect": "80,0,16,16", "Center": "8,8" },
	"ring_s1_06":  { "File": "rings_s1.png", "Rect": "96,0,16,16", "Center": "8,8" },
	"ring_s1_07":  { "File": "rings_s1.png", "Rect": "112,0,16,16", "Center": "8,8" },
	"monitor_s1_intact":  { "File": "monitors.png", "Rect": "0,16,32,32", "Center": "16,16" },
	"monitor_s1_broken":  { "File": "monitors.png", "Rect": "31,16,33,32", "Center": "16,16" },
	"monitor_s1_icon_static":  { "File": "monitors.png", "Rect": "64,48,16,16", "Center": "9,9" },
	"spring_red_s1_00":  { "File": "springs.png", "Rect": "0,17,32,16", "Center": "16,8" },
	"spring_red_s1_01":  { "File": "springs.png", "Rect": "38,1,32,32", "Center": "16,0" },
	"spring_red_s1_02":  { "File": "springs.png", "Rect": "33,39,32,40", "Center": "16,24" },
	"spring_red_s1_03":  { "File": "springs.png", "Rect": "75,1,16,32", "Center": "8,16" },
	"spring_red_s1_04":  { "File": "springs.png", "Rect": "83,1,8,32", "Center": "8,16" },
	"spring_red_s1_05":  { "File": "springs.png", "Rect": "93,1,32,28", "Center": "8,16" },
	"spring_red_s1_06":  { "File": "springs.png", "Rect": "67,55,32,16", "Center": "16,18" },
	"spring_red_s1_07":  { "File": "springs.png", "Rect": "5,91,27,27", "Center": "16,16" },
	"spring_red_s1_08":  { "File": "springs.png", "Rect": "39,91,27,27", "Center": "21,10" },
	"spring_red_s1_09":  { "File": "springs.png", "Rect": "77,84,39,38", "Center": "11,32" },
	"spring_red_s1_0a":  { "File": "springs.png", "Rect": "128,91,27,27", "Center": "11,11" },
	"spring_yellow_s1_00":  { "File": "springs.png", "Rect": "2,169,32,16", "Center": "16,8" },
	"spring_yellow_s1_01":  { "File": "springs.png", "Rect": "2,169,32,8", "Center": "16,24" },
	"spring_yellow_s1_02":  { "File": "springs.png", "Rect": "40,153,32,32", "Center": "16,24" },
	"spring_yellow_s1_03":  { "File": "springs.png", "Rect": "77,153,16,32", "Center": "8,16" },
	"spring_yellow_s1_04":  { "File": "springs.png", "Rect": "85,153,8,32", "Center": "8,16" },
	"spring_yellow_s1_05":  { "File": "springs.png", "Rect": "95,153,32,32", "Center": "8,16" },
	"spring_yellow_s1_06":  { "File": "springs.png", "Rect": "74,206,32,16", "Center": "16,18" },
	"spring_yellow_s1_07":  { "File": "springs.png", "Rect": "5,242,27,27", "Center": "16,16" },
	"spring_yellow_s1_08":  { "File": "springs.png", "Rect": "39,242,27,27", "Center": "21,10" },
	"spring_yellow_s1_09":  { "File": "springs.png", "Rect": "77,235,39,38", "Center": "11,32" },
	"spring_yellow_s1_0a":  { "File": "springsY_scd.bmp", "Rect": "128,242,27,27", "Center": "11,11" },
	"spring_s1_stand":  { "File": "spring_scd_stand.bmp", "Rect": "0,0,17,17", "Center": "8,9" },
	"spike_s1_00":  { "File": "spikesV_s1.png", "Rect": "0,0,32,32", "Center": "16,16" },
	"spike_s1_01":  { "File": "spikesV_s1.png", "Rect": "0,0,64,32", "Center": "32,16" },
	"spike_s1_02":  { "File": "spikesV_s1.png", "Rect": "0,0,96,32", "Center": "48,16" },
	"spike_s1_03":  { "File": "spikesV_s1.png", "Rect": "0,0,128,32", "Center": "64,16" },
	"spike_s1_04":  { "File": "spikesH_s1.png", "Rect": "0,0,32,32", "Center": "16,16" },
	"spike_s1_05":  { "File": "spikesH_s1.png", "Rect": "0,0,32,64", "Center": "16,32" },
	"spike_s1_06":  { "File": "spikesH_s1.png", "Rect": "0,0,32,96", "Center": "16,48" },
	"spike_s1_07":  { "File": "spikesH_s1.png", "Rect": "0,0,32,128", "Center": "16,64" },
	"checkpoint_s1_00_inactive":  { "File": "checkpoint_s1.png", "Rect": "0,0,16,64", "Center": "8,40" },
	"checkpoint_s1_00":  { "File": "checkpoint_s1.png", "Rect": "18,0,16,64", "Center": "8,40" },
	"checkpoint_s1_01":  { "File": "checkpoint_s1.png", "Rect": "0,16,16,48", "Center": "8,24" },
	"checkpoint_s1_02":  { "File": "checkpoint_s1.png", "Rect": "18,0,16,16", "Center": "8,8" },
	"checkpoint_s1_03":  { "File": "checkpoint_s1.png", "Rect": "36,0,16,16", "Center": "8,8" },
	"checkpoint_s1_04":  { "File": "checkpoint_s1.png", "Rect": "36,0,16,64", "Center": "8,40" },
	"button_s1_00":  { "File": "spikesH_s1.png", "Rect": "47,0,32,16", "Center": "16,12" },
	"button_s1_01":  { "File": "spikesH_s1.png", "Rect": "81,0,32,16", "Center": "16,12" },
	"button_s1_02":  { "File": "spikesH_s1.png", "Rect": "47,0,32,16", "Center": "16,12" }
}