{
	"ring_scd_00":  { "File": "rings_s1.bmp", "Rect": "0,0,16,16", "Center": "8,8" },
	"ring_scd_01":  { "File": "rings_s1.bmp", "Rect": "16,0,16,16", "Center": "8,8" },
	"ring_scd_02":  { "File": "rings_s1.bmp", "Rect": "32,0,16,16", "Center": "8,8" },
	"ring_scd_03":  { "File": "rings_s1.bmp", "Rect": "48,0,16,16", "Center": "8,8" },
	"ring_scd_04":  { "File": "rings_s1.bmp", "Rect": "64,0,16,16", "Center": "8,8" },
	"ring_scd_05":  { "File": "rings_s1.bmp", "Rect": "80,0,16,16", "Center": "8,8" },
	"ring_scd_06":  { "File": "rings_s1.bmp", "Rect": "96,0,16,16", "Center": "8,8" },
	"ring_scd_07":  { "File": "rings_s1.bmp", "Rect": "112,0,16,16", "Center": "8,8" },
	"monitor_scd_intact":  { "File": "moniors_s1_00.bmp", "Rect": "0,0,32,32", "Center": "16,16" },
	"monitor_scd_broken":  { "File": "moniors_s1_01.bmp", "Rect": "0,0,32,16", "Center": "16,0" },
	"monitor_scd_icon_static":  { "File": "monitor_s1_icon_static.bmp", "Rect": "0,0,16,16", "Center": "8,8" },
	"spring_red_scd_00":  { "File": "springsR_scd.png", "Rect": "0,16,32,16", "Center": "16,8" },
	"spring_red_scd_01":  { "File": "springsR_scd.png", "Rect": "0,16,32,8", "Center": "16,0" },
	"spring_red_scd_02":  { "File": "springsR_scd.png", "Rect": "33,0,32,40", "Center": "16,32" },
	"spring_red_scd_03":  { "File": "springsR_scd.png", "Rect": "100,8,16,32", "Center": "8,16" },
	"spring_red_scd_04":  { "File": "springsR_scd.png", "Rect": "108,8,8,32", "Center": "8,16" },
	"spring_red_scd_05":  { "File": "springsR_scd.png", "Rect": "117,8,40,32", "Center": "8,16" },
	"spring_red_scd_06":  { "File": "springsR_scd.png", "Rect": "67,16,32,16", "Center": "16,16" },
	"spring_red_scd_07":  { "File": "springsR_scd.png", "Rect": "163,7,28,28", "Center": "16,16" },
	"spring_red_scd_08":  { "File": "springsR_scd.png", "Rect": "197,7,28,28", "Center": "21,10" },
	"spring_red_scd_09":  { "File": "springsR_scd.png", "Rect": "236,2,39,38", "Center": "11,32" },
	"spring_red_scd_0a":  { "File": "springsR_scd.png", "Rect": "286,12,28,28", "Center": "11,11" },
	"spring_yellow_scd_00":  { "File": "springsY_scd.bmp", "Rect": "0,16,32,16", "Center": "16,8" },
	"spring_yellow_scd_01":  { "File": "springsY_scd.bmp", "Rect": "0,16,32,8", "Center": "16,0" },
	"spring_yellow_scd_02":  { "File": "springsY_scd.bmp", "Rect": "33,0,32,40", "Center": "16,32" },
	"spring_yellow_scd_03":  { "File": "springsY_scd.bmp", "Rect": "100,8,16,32", "Center": "8,16" },
	"spring_yellow_scd_04":  { "File": "springsY_scd.bmp", "Rect": "108,8,8,32", "Center": "8,16" },
	"spring_yellow_scd_05":  { "File": "springsY_scd.bmp", "Rect": "117,8,40,32", "Center": "8,16" },
	"spring_yellow_scd_06":  { "File": "springsY_scd.bmp", "Rect": "67,16,32,16", "Center": "16,16" },
	"spring_yellow_scd_07":  { "File": "springsY_scd.bmp", "Rect": "163,7,28,28", "Center": "16,16" },
	"spring_yellow_scd_08":  { "File": "springsY_scd.bmp", "Rect": "197,7,28,28", "Center": "21,10" },
	"spring_yellow_scd_09":  { "File": "springsY_scd.bmp", "Rect": "236,2,39,38", "Center": "11,32" },
	"spring_yellow_scd_0a":  { "File": "springsY_scd.bmp", "Rect": "286,12,28,28", "Center": "11,11" },
	"spring_scd_stand":  { "File": "spring_scd_stand.bmp", "Rect": "0,0,17,17", "Center": "8,9" },
	"spike_scd_00":  { "File": "spikesV_scd.bmp", "Rect": "0,0,32,32", "Center": "16,16" },
	"spike_scd_01":  { "File": "spikesV_scd.bmp", "Rect": "0,0,64,32", "Center": "32,16" },
	"spike_scd_02":  { "File": "spikesV_scd.bmp", "Rect": "0,0,96,32", "Center": "48,16" },
	"spike_scd_03":  { "File": "spikesV_scd.bmp", "Rect": "0,0,128,32", "Center": "64,16" },
	"spike_scd_04":  { "File": "spikesH_scd.bmp", "Rect": "0,0,32,32", "Center": "16,16" },
	"spike_scd_05":  { "File": "spikesH_scd.bmp", "Rect": "0,0,32,64", "Center": "16,32" },
	"spike_scd_06":  { "File": "spikesH_scd.bmp", "Rect": "0,0,32,96", "Center": "16,48" },
	"spike_scd_07":  { "File": "spikesH_scd.bmp", "Rect": "0,0,32,128", "Center": "16,64" },
	"checkpoint_scd_00_inactive":  { "File": "checkpoint_scd.bmp", "Rect": "0,0,16,64", "Center": "8,40" },
	"checkpoint_scd_00":  { "File": "checkpoint_scd.bmp", "Rect": "18,0,16,64", "Center": "8,40" },
	"checkpoint_scd_01":  { "File": "checkpoint_scd.bmp", "Rect": "0,16,16,48", "Center": "8,24" },
	"checkpoint_scd_02":  { "File": "checkpoint_scd.bmp", "Rect": "18,0,16,16", "Center": "8,8" },
	"checkpoint_scd_03":  { "File": "checkpoint_scd.bmp", "Rect": "36,0,16,16", "Center": "8,8" },
	"checkpoint_scd_04":  { "File": "checkpoint_scd.bmp", "Rect": "36,0,16,64", "Center": "8,40" },
	"button_scd_00":  { "File": "button_scd.bmp", "Rect": "0,0,32,16", "Center": "16,12" },
	"button_scd_01":  { "File": "button_scd.bmp", "Rect": "34,8,32,8", "Center": "16,4" },
	"button_scd_02":  { "File": "button_scd.bmp", "Rect": "68,0,32,16", "Center": "16,12" }
}