{
	"ring_s2_00":  { "File": "rings_s1.bmp", "Rect": "0,0,16,16", "Center": "8,8" },
	"ring_s2_01":  { "File": "rings_s1.bmp", "Rect": "16,0,16,16", "Center": "8,8" },
	"ring_s2_02":  { "File": "rings_s1.bmp", "Rect": "32,0,16,16", "Center": "8,8" },
	"ring_s2_03":  { "File": "rings_s1.bmp", "Rect": "48,0,16,16", "Center": "8,8" },
	"ring_s2_04":  { "File": "rings_s1.bmp", "Rect": "64,0,16,16", "Center": "8,8" },
	"ring_s2_05":  { "File": "rings_s1.bmp", "Rect": "80,0,16,16", "Center": "8,8" },
	"ring_s2_06":  { "File": "rings_s1.bmp", "Rect": "96,0,16,16", "Center": "8,8" },
	"ring_s2_07":  { "File": "rings_s1.bmp", "Rect": "112,0,16,16", "Center": "8,8" },
	"monitor_s2_intact":  { "File": "moniors_s2_00.bmp", "Rect": "0,0,32,32", "Center": "16,16" },
	"monitor_s2_broken":  { "File": "moniors_s2_01.bmp", "Rect": "0,0,32,16", "Center": "16,0" },
	"monitor_s2_icon_static":  { "File": "monitor_s2_icon_static.bmp", "Rect": "0,0,16,16", "Center": "8,8" },
	"spring_red_s2_00":  { "File": "springsR_s2.bmp", "Rect": "0,13,32,16", "Center": "16,8" },
	"spring_red_s2_01":  { "File": "springsR_s2.bmp", "Rect": "0,13,32,8", "Center": "16,0" },
	"spring_red_s2_02":  { "File": "springsR_s2.bmp", "Rect": "33,5,32,32", "Center": "16,24" },
	"spring_red_s2_03":  { "File": "springsR_s2.bmp", "Rect": "100,5,16,32", "Center": "8,16" },
	"spring_red_s2_04":  { "File": "springsR_s2.bmp", "Rect": "108,5,8,32", "Center": "8,16" },
	"spring_red_s2_05":  { "File": "springsR_s2.bmp", "Rect": "117,5,32,32", "Center": "8,16" },
	"spring_red_s2_06":  { "File": "springsR_s2.bmp", "Rect": "67,13,32,16", "Center": "16,16" },
	"spring_red_s2_07":  { "File": "springsR_s2.bmp", "Rect": "155,5,27,27", "Center": "16,15" },
	"spring_red_s2_08":  { "File": "springsR_s2.bmp", "Rect": "188,5,27,27", "Center": "21,9" },
	"spring_red_s2_09":  { "File": "springsR_s2.bmp", "Rect": "217,0,38,37", "Center": "16,25" },
	"spring_red_s2_0a":  { "File": "springsR_s2.bmp", "Rect": "265,10,27,27", "Center": "16,16" },
	"spring_yellow_s2_00":  { "File": "springsY_s2.bmp", "Rect": "0,13,32,16", "Center": "16,8" },
	"spring_yellow_s2_01":  { "File": "springsY_s2.bmp", "Rect": "0,13,32,8", "Center": "16,0" },
	"spring_yellow_s2_02":  { "File": "springsY_s2.bmp", "Rect": "33,5,32,32", "Center": "16,24" },
	"spring_yellow_s2_03":  { "File": "springsY_s2.bmp", "Rect": "100,5,16,32", "Center": "8,16" },
	"spring_yellow_s2_04":  { "File": "springsY_s2.bmp", "Rect": "108,5,8,32", "Center": "8,16" },
	"spring_yellow_s2_05":  { "File": "springsY_s2.bmp", "Rect": "117,5,32,32", "Center": "8,16" },
	"spring_yellow_s2_06":  { "File": "springsY_s2.bmp", "Rect": "67,13,32,16", "Center": "16,16" },
	"spring_yellow_s2_07":  { "File": "springsY_s2.bmp", "Rect": "155,5,27,27", "Center": "16,15" },
	"spring_yellow_s2_08":  { "File": "springsY_s2.bmp", "Rect": "188,5,27,27", "Center": "21,9" },
	"spring_yellow_s2_09":  { "File": "springsY_s2.bmp", "Rect": "217,0,38,37", "Center": "16,25" },
	"spring_yellow_s2_0a":  { "File": "springsY_s2.bmp", "Rect": "265,10,27,27", "Center": "16,16" },
	"spring_s2_stand":  { "File": "spring_s2_stand.bmp", "Rect": "0,0,16,16", "Center": "8,8" },
	"spike_s2_00":  { "File": "spikesV_s2.bmp", "Rect": "0,0,32,32", "Center": "16,16" },
	"spike_s2_01":  { "File": "spikesV_s2.bmp", "Rect": "0,0,64,32", "Center": "32,16" },
	"spike_s2_02":  { "File": "spikesV_s2.bmp", "Rect": "0,0,96,32", "Center": "48,16" },
	"spike_s2_03":  { "File": "spikesV_s2.bmp", "Rect": "0,0,128,32", "Center": "64,16" },
	"spike_s2_04":  { "File": "spikesH_s2.bmp", "Rect": "0,0,32,32", "Center": "16,16" },
	"spike_s2_05":  { "File": "spikesH_s2.bmp", "Rect": "0,0,32,64", "Center": "16,32" },
	"spike_s2_06":  { "File": "spikesH_s2.bmp", "Rect": "0,0,32,96", "Center": "16,48" },
	"spike_s2_07":  { "File": "spikesH_s2.bmp", "Rect": "0,0,32,128", "Center": "16,64" },
	"checkpoint_s2_00":  { "File": "checkpoint_s2.bmp", "Rect": "0,0,16,64", "Center": "8,40" },
	"checkpoint_s2_01":  { "File": "checkpoint_s2.bmp", "Rect": "0,16,16,48", "Center": "8,24" },
	"checkpoint_s2_02":  { "File": "checkpoint_s2.bmp", "Rect": "0,0,16,16", "Center": "8,8" },
	"checkpoint_s2_03":  { "File": "checkpoint_s2.bmp", "Rect": "18,0,16,16", "Center": "8,8" },
	"checkpoint_s2_04":  { "File": "checkpoint_s2.bmp", "Rect": "18,0,16,64", "Center": "8,40" },
	"button_s2_00":  { "File": "button_s2.bmp", "Rect": "0,0,32,16", "Center": "16,12" },
	"button_s2_01":  { "File": "button_s2.bmp", "Rect": "0,0,32,8", "Center": "16,4" },
	"button_s2_02":  { "File": "button_s2.bmp", "Rect": "0,0,32,16", "Center": "16,12" }
}