{
	// Time Attack Pole
	"timeattack_pole_01": { "File": "timeattack_pole.png", "Rect":  "0,0,46,60", "Center": "6,30" },
	"timeattack_pole_02": { "File": "timeattack_pole.png", "Rect": "47,0,46,60", "Center": "6,30" },
	"timeattack_pole_03": { "File": "timeattack_pole.png", "Rect": "94,0,46,60", "Center": "6,30" },
	"timeattack_pole_04": { "File": "timeattack_pole.png", "Rect": "141,0,46,60", "Center": "6,30" },

	// DDZ missile
	"ddz_missile_00": { "File": "ddz_missile.png", "Rect": "0,0,64,16",  "Center": "24,8" },
	"ddz_missile_01": { "File": "ddz_missile.png", "Rect": "0,16,64,16", "Center": "24,8" },

	// Title screen
	"bg_title_screen":    { "File": "title_screen2.0.png" },

	"bg_title_screen_sk": { "File": "title_sk_background.png", "Center": "0,112" },
	"bg_title_screen_sk2":{ "File": "title_sk_foreground_extension.bmp", "Center": "-24,-152" },
	"bg_dataselect1":      { "File": "title_background - copia.png" },
	"bg_dataselect2":      { "File": "title_background.png" },
	"bg_dataselect3":      { "File": "title_background - mania.png" },
	"bg_dataselect4":      { "File": "title_background - mania 2.png" },

	// ----- Backgrounds ----- //

	// DEZ backgrounds
	"bg_dez1": { "File": "dez1_background.png" },
	"bg_dez2": { "File": "dez2_background.png" },
}
"File": "dez2_background.png" },
}
}
ng" },
	"bg_dataselect3":      { "File": "title_background - mania.png" },
	"bg_dataselect4":      { "File": "title_background - mania 2.png" },

	// ----- Backgrounds ----- //

	// DEZ backgrounds
	"bg_dez1": { "File": "dez1_background.png" },
	"bg_dez2": { "File": "dez2_background.png" },
}
"File": "dez2_background.png" },
}
}

ackground - mania 2.png" },

	// ----- Backgrounds ----- //

	// DEZ backgrounds
	"bg_dez1": { "File": "dez1_background.png" },
	"bg_dez2": { "File": "dez2_background.png" },
}
"File": "dez2_background.png" },
}
}

 mania 2.png" },

	// ----- Backgrounds ----- //

	// DEZ backgrounds
	"bg_dez1": { "File": "dez1_background.png" },
	"bg_dez2": { "File": "dez2_background.png" },
}
"File": "dez2_background.png" },
}
}

