{
	//Six flickie sprites
	"flicky00":            { "File": "superflickies.png", "Rect":"1,1,16,16",  "Center": "8,8" },
	"flicky01":            { "File": "superflickies.png", "Rect":"19,1,16,16",  "Center": "8,8" },
	"flicky10":            { "File": "superflickies.png", "Rect":"1,19,16,16",  "Center": "8,8" },
	"flicky11":            { "File": "superflickies.png", "Rect":"19,19,16,16",  "Center": "8,8" },
	"flicky20":            { "File": "superflickies.png", "Rect":"1,37,16,16",  "Center": "8,8" },
	"flicky21":            { "File": "superflickies.png", "Rect":"19,37,16,16",  "Center": "8,8" },
}

