{
	"tails_walk_0":  { "File": "character_tails_walk.bmp", "Rect": "0,0,44,40", "Center": "26,24" },
	"tails_walk_1":  { "File": "character_tails_walk.bmp", "Rect": "45,0,45,40", "Center": "27,24" },
	"tails_walk_2":  { "File": "character_tails_walk.bmp", "Rect": "91,0,45,40", "Center": "27,24" },
	"tails_walk_3":  { "File": "character_tails_walk.bmp", "Rect": "137,0,45,40", "Center": "27,24" },
	"tails_walk_4":  { "File": "character_tails_walk.bmp", "Rect": "183,0,45,40", "Center": "25,24" },
	"tails_walk_5":  { "File": "character_tails_walk.bmp", "Rect": "229,0,45,40", "Center": "27,24" },
	"tails_walk_6":  { "File": "character_tails_walk.bmp", "Rect": "275,0,45,40", "Center": "27,24" },
	"tails_walk_7":  { "File": "character_tails_walk.bmp", "Rect": "321,0,45,40", "Center": "27,24" },
	"tails_walk_8":  { "File": "character_tails_walk.bmp", "Rect": "367,0,45,40", "Center": "27,24" },
	"tails_walk_9":  { "File": "character_tails_walk.bmp", "Rect": "413,0,45,40", "Center": "27,24" },
	"tails_walk_10":  { "File": "character_tails_walk.bmp", "Rect": "459,0,45,40", "Center": "26,24" },
	"tails_walk_11":  { "File": "character_tails_walk.bmp", "Rect": "505,0,45,40", "Center": "27,24" }
}