{
	"tails_push_0":  { "File": "character_tails_push.bmp", "Rect": "0,0,40,40", "Center": "24,24" },
	"tails_push_1":  { "File": "character_tails_push.bmp", "Rect": "41,0,40,40", "Center": "24,24" },
	"tails_push_2":  { "File": "character_tails_push.bmp", "Rect": "82,0,40,40", "Center": "24,24" },
	"tails_push_3":  { "File": "character_tails_push.bmp", "Rect": "123,0,40,40", "Center": "24,24" },
	"tails_push_4":  { "File": "character_tails_push.bmp", "Rect": "164,0,40,40", "Center": "24,24" },
	"tails_push_5":  { "File": "character_tails_push.bmp", "Rect": "205,0,40,40", "Center": "24,24" },
	"tails_push_6":  { "File": "character_tails_push.bmp", "Rect": "246,0,40,40", "Center": "24,24" },
	"tails_push_7":  { "File": "character_tails_push.bmp", "Rect": "287,0,40,40", "Center": "24,24" },
	"tails_push_8":  { "File": "character_tails_push.bmp", "Rect": "328,0,40,40", "Center": "24,24" },
	"tails_push_9":  { "File": "character_tails_push.bmp", "Rect": "369,0,40,40", "Center": "24,24" }
}