{
	"tails_run_0":  { "File": "character_tails_run.bmp", "Rect": "0,0,40,40", "Center": "24,24" },
	"tails_run_1":  { "File": "character_tails_run.bmp", "Rect": "41,0,40,40", "Center": "24,24" },
	"tails_run_2":  { "File": "character_tails_run.bmp", "Rect": "82,0,40,40", "Center": "24,24" },
	"tails_run_3":  { "File": "character_tails_run.bmp", "Rect": "123,0,40,40", "Center": "24,24" },
	"tails_run_4":  { "File": "character_tails_run.bmp", "Rect": "164,0,40,40", "Center": "24,24" },
	"tails_run_5":  { "File": "character_tails_run.bmp", "Rect": "205,0,40,40", "Center": "24,24" },
	"tails_run_6":  { "File": "character_tails_run.bmp", "Rect": "246,0,40,40", "Center": "24,24" },
	"tails_run_7":  { "File": "character_tails_run.bmp", "Rect": "287,0,40,40", "Center": "24,24" }
}