{
	"tails_jog_0":  { "File": "character_tails_jog.bmp", "Rect": "0,0,40,40", "Center": "24,24" },
	"tails_jog_1":  { "File": "character_tails_jog.bmp", "Rect": "41,0,40,40", "Center": "24,24" },
	"tails_jog_2":  { "File": "character_tails_jog.bmp", "Rect": "82,0,40,40", "Center": "24,24" },
	"tails_jog_3":  { "File": "character_tails_jog.bmp", "Rect": "123,0,40,40", "Center": "24,24" },
	"tails_jog_4":  { "File": "character_tails_jog.bmp", "Rect": "164,0,40,40", "Center": "24,24" },
	"tails_jog_5":  { "File": "character_tails_jog.bmp", "Rect": "205,0,40,40", "Center": "24,24" },
	"tails_jog_6":  { "File": "character_tails_jog.bmp", "Rect": "246,0,40,40", "Center": "24,24" },
	"tails_jog_7":  { "File": "character_tails_jog.bmp", "Rect": "287,0,40,40", "Center": "24,24" },
	"tails_jog_8":  { "File": "character_tails_jog.bmp", "Rect": "328,0,40,40", "Center": "24,24" },
	"tails_jog_9":  { "File": "character_tails_jog.bmp", "Rect": "369,0,40,40", "Center": "24,24" }
}