{
	"TitleScreen_SONIC_0":  { "File": "TITLES.png", "Rect": "16,74,288,161", "Center": "144,85" },
	"TitleScreen_SONIC_1":  { "File": "TITLES2.png", "Rect": "16,74,288,161", "Center": "144,85" },
	"TitleScreen_SONIC_2":  { "File": "TITLES3.png", "Rect": "16,74,288,161", "Center": "144,85" },
	"TitleScreen_SONIC_3":  { "File": "TITLES4.png", "Rect": "16,74,288,161", "Center": "144,85" },
	"TitleScreen_SONIC_4":  { "File": "TITLES5.png", "Rect": "16,74,288,161", "Center": "144,85" },
	"TitleScreen_SONIC_5":  { "File": "TITLES4.png", "Rect": "16,74,288,161", "Center": "144,85" },
	"TitleScreen_SONIC_6":  { "File": "TITLES3.png", "Rect": "16,74,288,161", "Center": "144,85" },
	"TitleScreen_SONIC_7":  { "File": "TITLES2.png", "Rect": "16,74,288,161", "Center": "144,85" },
	"TitleScreen_Logo":  { "File": "TITLES.png", "Rect": "240,250,261,100", "Center": "130,55" }, 
   "original_game_by":  { "File": "title_sega.png", "Center": "175,115" }, 
	"flash_effect_normal":  { "File": "flasheffects.png", "Rect": "0,0,496,224", "Center": "248,0" },   
}
 },   
}
