{
	"TitleCard_ZoneTitle_0x0b":  { "File": "TitleCard_ZoneTitle_13_DEATH_EGG.png", "Rect": "0,0,210,120", "Center": "130,6" },
}
SK":  { "File": "TitleCard_RedBar_02_SK.png", "Rect": "0,48,64,176", "Center": "0,0" },
	"titlecard_redbar_S3K":  { "File": "TitleCard_RedBar_03_S3K.png", "Rect": "0,48,64,176", "Center": "0,0" },
	"titlecard_redbar_CUSTOM":  { "File": "TitleCard_RedBar_CUSTOM.png", "Rect": "0,48,64,176", "Center": "0,0" },
	"TitleCard_ACT_1":  { "File": "TitleCard_ACT1.png", "Rect": "0,0,64,64", "Center": "10,45" },
	"TitleCard_ACT_2":  { "File": "TitleCard_ACT2.png", "Rect": "0,0,64,64", "Center": "10,45" },
	"TitleCard_ZoneTitle_ZONE":  { "File": "TitleCard_ZoneTitle_00_ZONE.png", "Rect": "0,0,93,30", "Center": "105,0" },
	"TitleCard_ZoneTitle_0x00":  { "File": "TitleCard_ZoneTitle_01_ANGEL_ISLAND.png", "Rect": "0,0,229,77", "Center": "162,6" },
	"TitleCard_ZoneTitle_0x01":  { "File": "TitleCard_ZoneTitle_02_HYDROCITY.png", "Rect": "0,0,190,80", "Center": "126,6" },
	"TitleCard_ZoneTitle_0x02":  { "File": "TitleCard_ZoneTitle_03_MARBLE_GARDEN.png", "Rect": "0,0,255,99", "Center": "135,17" },
	"TitleCard_ZoneTitle_0x03":  { "File": "TitleCard_ZoneTitle_04_CARNIVAL_NIGHT.png", "Rect": "0,0,223,99", "Center": "150,20" },
	"TitleCard_ZoneTitle_0x04":  { "File": "TitleCard_ZoneTitle_08_FLYING_BATTERY.png", "Rect": "0,0,264,75", "Center": "182,5" },
	"TitleCard_ZoneTitle_0x05":  { "File": "TitleCard_ZoneTitle_05_ICECAP.png", "Rect": "0,0,250,100", "Center": "155,5" },
	"TitleCard_ZoneTitle_0x06":  { "File": "TitleCard_ZoneTitle_06_LAUNCH_BASE.png", "Rect": "0,0,280,100", "Center": "189,6" },
	"TitleCard_ZoneTitle_0x07":  { "File": "TitleCard_ZoneTitle_07_MUSHROOM_HILL.png", "Rect": "0,0,245,97", "Center": "170,16" },
	"TitleCard_ZoneTitle_0x08":  { "File": "TitleCard_ZoneTitle_09_SANDOPOLIS.png", "Rect": "0,0,215,71", "Center": "142,-6" },
	"TitleCard_ZoneTitle_0x09":  { "File": "TitleCard_ZoneTitle_10_LAVA_REEF.png", "Rect": "0,0,192,79", "Center": "120,6" },
	"TitleCard_ZoneTitle_0x0a":  { "File": "TitleCard_ZoneTitle_12_SKY_SANCTUARY.png", "Rect": "0,0,256,101", "Center": "142,16" },
	"TitleCard_ZoneTitle_0x0b":  { "File": "TitleCard_ZoneTitle_13_DEATH_EGG.png", "Rect": "0,0,210,120", "Center": "130,6" },
	"TitleCard_ZoneTitle_0x0c":  { "File": "TitleCard_ZoneTitle_14_THE_DOOMSDAY.png", "Rect": "0,0,263,76", "Center": "150,6" },
	"TitleCard_ZoneTitle_0x0d":  { "File": "TitleCard_ZoneTitle_11_HIDDEN_PALACE.png", "Rect": "0,0,246,75", "Center": "176,6" },
	"TitleCard_ZoneTitle_BONUS_STAGE":  { "File": "TitleCard_ZoneTitle_BONUS_STAGE.png", "Rect": "0,0,242,33", "Center": "30,0" },
	"TitleCard_ZoneTitle_MVZ":  { "File": "TitleCard_ZoneTitle_07_MUSHROOM_VALLEY.png", "Rect": "0,0,245,97", "Center": "170,16" }
}
