{
	"sonic_wait0_0":  { "File": "wait.png", "Rect": "3,7,32,40", "Center": "16,20" },
	"sonic_wait0_1":  { "File": "wait.png", "Rect": "50,7,32,40", "Center": "18,20" },
	"sonic_wait0_2":  { "File": "wait.png", "Rect": "101,7,32,40", "Center": "16,20" },
	"sonic_wait0_3":  { "File": "wait.png", "Rect": "150,7,32,40", "Center": "16,20" },
	"sonic_wait0_4":  { "File": "wait.png", "Rect": "200,7,32,40", "Center": "16,20" },
	"sonic_wait0_5":  { "File": "wait.png", "Rect": "249,7,32,40", "Center": "16,20" },
	"sonic_wait1_0":  { "File": "wait.png", "Rect": "298,7,32,40", "Center": "16,20" },
	"sonic_wait1_1":  { "File": "wait.png", "Rect": "347,7,32,40", "Center": "16,20" },
	"sonic_wait1_2":  { "File": "wait.png", "Rect": "396,7,32,40", "Center": "16,20" },
	"sonic_wait1_3":  { "File": "wait.png", "Rect": "445,7,32,40", "Center": "16,20" },
	"sonic_wait2_0":  { "File": "wait.png", "Rect": "494,7,32,40", "Center": "16,20" },
	"sonic_wait2_1":  { "File": "wait.png", "Rect": "543,7,33,40", "Center": "16,20" },
	"sonic_wait2_3":  { "File": "wait.png", "Rect": "591,7,33,40", "Center": "16,20" },
	"sonic_wait2_4":  { "File": "wait.png", "Rect": "641,7,32,40", "Center": "15,20" },
	"sonic_wait2_5":  { "File": "wait.png", "Rect": "693,6,32,41", "Center": "13,21" },
	"sonic_wait2_6":  { "File": "wait.png", "Rect": "740,6,32,41", "Center": "15,21" },
	"sonic_wait2_7":  { "File": "wait.png", "Rect": "789,7,32,40", "Center": "15,20" },
	"sonic_wait3_0":  { "File": "wait2.png", "Rect": "1,4,35,42", "Center": "18,21" },
	"sonic_wait3_1":  { "File": "wait2.png", "Rect": "52,4,36,42", "Center": "16,21" },
	"sonic_wait3_2":  { "File": "wait2.png", "Rect": "103,4,33,41", "Center": "14,21" },
	"sonic_wait3_3":  { "File": "wait2.png", "Rect": "151,4,34,41", "Center": "15,21" },
	"sonic_wait3_4":  { "File": "wait2.png", "Rect": "200,4,32,41", "Center": "15,21" },
	"sonic_wait3_5":  { "File": "wait2.png", "Rect": "250,4,32,41", "Center": "15,21" },
	"sonic_wait3_6":  { "File": "wait2.png", "Rect": "300,4,32,42", "Center": "14,21" },
	"sonic_wait3_7":  { "File": "wait2.png", "Rect": "350,5,33,40", "Center": "12,20" },
	"sonic_wait3_8":  { "File": "wait2.png", "Rect": "399,4,33,41", "Center": "12,21" },
	"sonic_wait4_0":  { "File": "wait2.png", "Rect": "448,4,32,41", "Center": "12,21" },
	"sonic_wait4_1":  { "File": "wait2.png", "Rect": "495,4,32,41", "Center": "14,21" },
	"sonic_wait4_2":  { "File": "wait2.png", "Rect": "540,6,34,41", "Center": "17,19" },
	"sonic_wait4_3":  { "File": "wait2.png", "Rect": "592,7,32,40", "Center": "15,18" }
}
32,40", "Center": "15,18" }
}
