{
	// You can replace in-game music using lines like the following example.
	//  - Use only Ogg Vorbis audio files in format: Stereo, 48kHz
	//  - The key (like "0F") refers to the sound ID -- it's the same IDs as in S3K's level select screen
	//  - "Type" has to be one of "Music", "Jingle", "Sound"
	//  - "LoopStart" is optional, the number is the sample number where to restart when reaching the end
	//  - Make sure that this file is valid JSON (e.g. add a comma at the end of each line except for the last)

	//SFX:
	"36": { "File": "Skidding.ogg", "Type": "Sound" },
        "3E": { "File": "FireShield.ogg", "Type": "Sound" },
        "3F": { "File": "BubbleShield.ogg", "Type": "Sound" },
        "40": { "File": "LightningShield.ogg", "Type": "Sound" },
        "42": { "File": "InstaShield.ogg", "Type": "Sound" },
        "43": { "File": "FireDash.ogg", "Type": "Sound" },
        "44": { "File": "BubbleBounce.ogg", "Type": "Sound" },
        "45": { "File": "LightningJump.ogg", "Type": "Sound" },
        "5D": { "File": "Knux.ogg", "Type": "Sound" },
	"33": { "File": "Ring1.ogg", "Type": "Sound" },
	"34": { "File": "Ring2.ogg", "Type": "Sound" },
        "3C": { "File": "Roll.ogg", "Type": "Sound" }, 
	"62": { "File": "Jump.ogg", "Type": "Sound" },
	"63": { "File": "Starpost.ogg", "Type": "Sound" },
	"AB": { "File": "SpindashCharge.ogg", "Type": "Sound" },
	"B1": { "File": "Spring.ogg", "Type": "Sound" },
        "FF": { "File": "Sega.ogg", "Type": "Jingle" },
        "2A_sonic3": { "File": "S3_Life.ogg", "Type": "Jingle" },
	"2A": { "File": "SK_Life.ogg", "Type": "Jingle" },
	"AC": { "File": "Continue.ogg", "Type": "Jingle" },
        "9F": { "File": "Transform.ogg", "Type": "Sound" },
	"2B": { "File": "ChaosEmerald.ogg", "Type": "Sound" },
	"5B": { "File": "Bleep.ogg", "Type": "Sound" },
	"B0": { "File": "ScoreTotal.ogg", "Type": "Sound" },
        "BA": { "File": "Flying.ogg", "Type": "Sound" },
        "BB": { "File": "Tired.ogg", "Type": "Sound" },
        "3D": { "File": "Destroy.ogg", "Type": "Sound" },
        "AA": { "File": "Bumper.ogg", "Type": "Sound" },
        "B9": { "File": "RingLoss.ogg", "Type": "Sound" },
        "5C": { "File": "MechaBleep.ogg", "Type": "Sound" },
        "6E": { "File": "BossHit.ogg", "Type": "Sound" },
        "B4": { "File": "BossDefeat.ogg", "Type": "Sound" },
        "AD": { "File": "MenuBack.ogg", "Type": "Sound" },
        "77": { "File": "Balloon.ogg", "Type": "Sound" },
        "39": { "File": "W_Splash1.ogg", "Type": "Sound" },
        "57": { "File": "W_Splash2.ogg", "Type": "Sound" },
	"B6": { "File": "SpindashRelease.ogg", "Type": "Sound" },
	"dropdash_charge": { "File": "DropDashCharge.ogg", "Type": "Sound", "Channel": "85" },
        "peelout_charge": { "File": "PeelCharge.ogg", "Type": "Sound", "Channel": "84" },
	"peelout_release": { "File": "PeelRelease.ogg", "Type": "Sound", "Channel": "84" },
	"dropdash_release": { "File": "DropDashRelease.ogg", "Type": "Sound", "Channel": "85" },	
}